video_title,bullet_time,bullet_content,sentiment_score,analysis_result
【神仙打架】回顾1997年华语乐坛，首首都是神曲！,2022-11-11 15:00:57,今天刚好双十一,0.6844334658971815,neutral
【神仙打架】回顾1997年华语乐坛，首首都是神曲！,2022-09-22 13:59:57,大家好才是真的号,0.36968528942036194,neutral
【神仙打架】回顾1997年华语乐坛，首首都是神曲！,2022-09-09 01:59:03,张学友张学友我们爱你,0.8271952925582761,positive
【神仙打架】回顾1997年华语乐坛，首首都是神曲！,2022-07-26 00:52:10,看这么久合集，这年终于我出生了hhh,0.8248456081611493,positive
【神仙打架】回顾1997年华语乐坛，首首都是神曲！,2022-07-04 11:35:51,我家闺女出生了 哈哈,0.48351727779317066,neutral
【神仙打架】回顾1997年华语乐坛，首首都是神曲！,2022-06-21 23:50:40,猛男快乐曲,0.8630530555797126,positive
【神仙打架】回顾1997年华语乐坛，首首都是神曲！,2022-06-17 14:57:10,张学友张学友我爱你,0.8271952925582761,positive
【神仙打架】回顾1997年华语乐坛，首首都是神曲！,2022-05-27 05:14:48,这首火了,0.5,neutral
【神仙打架】回顾1997年华语乐坛，首首都是神曲！,2022-05-18 14:11:48,鱼姐来了,0.5,neutral
【神仙打架】回顾1997年华语乐坛，首首都是神曲！,2022-05-18 14:08:54,它来了，它带着我两岁的回忆杀过来了,0.9370987478560839,positive
【神仙打架】回顾1997年华语乐坛，首首都是神曲！,2022-04-17 23:55:04,MV居然是他老婆,0.31833610451605343,neutral
【神仙打架】回顾1997年华语乐坛，首首都是神曲！,2022-04-10 23:44:11,神曲辈出的一年啊,0.7476715635332739,positive
【神仙打架】回顾1997年华语乐坛，首首都是神曲！,2022-03-28 23:29:30,徐怀钰,0.7122984518944286,positive
【神仙打架】回顾1997年华语乐坛，首首都是神曲！,2022-03-27 17:52:02,牵手也好火,0.38178259815726445,neutral
【神仙打架】回顾1997年华语乐坛，首首都是神曲！,2022-03-23 14:12:39,哈哈！up完全这个系列完全覆盖我的人生,0.9603101148107067,positive
【神仙打架】回顾1997年华语乐坛，首首都是神曲！,2022-03-20 09:08:47,我小时候好喜欢刘若英,0.976410453663556,positive
【神仙打架】回顾1997年华语乐坛，首首都是神曲！,2022-03-14 19:58:59,单厨狂喜,0.4607582675802573,neutral
【神仙打架】回顾1997年华语乐坛，首首都是神曲！,2022-03-13 23:15:27,啊啊啊 氧气！,0.7297953905324696,positive
【神仙打架】回顾1997年华语乐坛，首首都是神曲！,2022-03-09 00:42:07,动力火车的终于明白也很好听,0.6332004315614284,neutral
【神仙打架】回顾1997年华语乐坛，首首都是神曲！,2022-03-04 21:43:20,神奇的一年,0.8886256371189191,positive
【神仙打架】回顾1997年华语乐坛，首首都是神曲！,2022-02-27 23:02:43,张学友啊歌神,0.5592559274215568,neutral
【神仙打架】回顾1997年华语乐坛，首首都是神曲！,2022-02-04 22:31:04,神仙打架有点短啊,0.6021061368813497,neutral
【神仙打架】回顾1997年华语乐坛，首首都是神曲！,2022-02-04 22:30:12,哈哈哈哈哈ktv录的,0.905919630528343,positive
【神仙打架】回顾1997年华语乐坛，首首都是神曲！,2022-02-04 22:23:53,神剧产神曲,0.4960253045369134,neutral
【神仙打架】回顾1997年华语乐坛，首首都是神曲！,2022-02-04 19:33:35,开局即巅峰,0.7297953905324696,positive
【神仙打架】回顾1997年华语乐坛，首首都是神曲！,2022-01-21 17:49:31,游式唱腔很好听,0.4291733127831937,neutral
【神仙打架】回顾1997年华语乐坛，首首都是神曲！,2022-01-18 12:41:05,爱的就是你，哇哈哈纯净水,0.5696523610382753,neutral
【神仙打架】回顾1997年华语乐坛，首首都是神曲！,2021-12-18 15:16:11,唱跳歌手张学友！！,0.796214584431536,positive
【神仙打架】回顾1997年华语乐坛，首首都是神曲！,2021-12-16 23:00:09,98和95真是神仙打架,0.5765061868758266,neutral
【神仙打架】回顾1997年华语乐坛，首首都是神曲！,2021-11-20 13:10:33,神仙组合,0.8540561037510817,positive
【神仙打架】回顾1997年华语乐坛，首首都是神曲！,2021-11-20 13:04:43,雨蝶来了,0.7059514727817189,positive
【神仙打架】回顾1997年华语乐坛，首首都是神曲！,2021-11-11 21:56:13,二哥必须排面！！,0.19549831942680052,negative
【神仙打架】回顾1997年华语乐坛，首首都是神曲！,2021-10-02 23:35:44,啊啊啊啊啊啊！！！,0.8366980560597774,positive
【神仙打架】回顾1997年华语乐坛，首首都是神曲！,2021-09-26 23:12:34,啊啊啊啊啊啊亚洲最帅谢霆锋,0.9986773805631894,positive
【神仙打架】回顾1997年华语乐坛，首首都是神曲！,2021-08-21 17:26:36,好像是JYP的歌,0.617733671237555,neutral
【神仙打架】回顾1997年华语乐坛，首首都是神曲！,2021-08-15 16:25:28,最爱一天一万年,0.8408139107262921,positive
【神仙打架】回顾1997年华语乐坛，首首都是神曲！,2021-08-07 16:09:38,我被炸晕了！,0.21041538704474394,negative
【神仙打架】回顾1997年华语乐坛，首首都是神曲！,2021-08-07 16:05:53,开局王炸,0.8274005891152684,positive
【神仙打架】回顾1997年华语乐坛，首首都是神曲！,2021-07-25 18:27:07,小刚写的陈慧琳唱的然后小刚又自己唱的,0.9652367330735592,positive
【神仙打架】回顾1997年华语乐坛，首首都是神曲！,2021-07-20 00:49:57,二哥出道,0.4595166907159596,neutral
【神仙打架】回顾1997年华语乐坛，首首都是神曲！,2021-07-10 23:35:11,梦才会真一点,0.5246470246336619,neutral
【神仙打架】回顾1997年华语乐坛，首首都是神曲！,2021-07-04 15:13:56,琳姐真美,0.8468576220855522,positive
【神仙打架】回顾1997年华语乐坛，首首都是神曲！,2021-06-28 16:37:11,小时候听过，觉得好土233,0.896383850589135,positive
【神仙打架】回顾1997年华语乐坛，首首都是神曲！,2021-06-27 01:28:35,小刚的歌啊！！！,0.35499116772302564,neutral
【神仙打架】回顾1997年华语乐坛，首首都是神曲！,2021-06-23 21:25:57,张惠妹早年感觉是派对歌风格，直到遇到张雨生,0.9438268657896869,positive
【神仙打架】回顾1997年华语乐坛，首首都是神曲！,2021-06-14 03:41:53,啊啊啊这个必须出来了，小时候最爱这首！！！,0.9894236745519592,positive
【神仙打架】回顾1997年华语乐坛，首首都是神曲！,2021-06-09 13:46:38,情歌巨人游鴻明！！,0.07335973519303829,negative
【神仙打架】回顾1997年华语乐坛，首首都是神曲！,2021-06-09 13:45:48,頭髮亂了！！,0.04425411938195534,negative
【神仙打架】回顾1997年华语乐坛，首首都是神曲！,2021-06-09 13:44:30,猛男必唱嗎哈哈,0.9736628438358225,positive
【神仙打架】回顾1997年华语乐坛，首首都是神曲！,2021-06-09 13:29:02,你的滴達神曲上線了！！！,0.1831504034265482,negative
【神仙打架】回顾1997年华语乐坛，首首都是神曲！,2021-05-17 09:55:54,神父一定很喜欢这首歌曲 ,0.9963257203788703,positive
【神仙打架】回顾1997年华语乐坛，首首都是神曲！,2021-04-26 21:26:19,原唱：小刚,0.8319959588486412,positive
【神仙打架】回顾1997年华语乐坛，首首都是神曲！,2021-04-23 05:37:57,原唱就是陈慧琳，小刚写的后来拿回来自己唱了,0.9990647474939857,positive
【神仙打架】回顾1997年华语乐坛，首首都是神曲！,2021-03-04 10:30:15,我的初一时光回来了,0.9612967524290738,positive
【神仙打架】回顾1997年华语乐坛，首首都是神曲！,2021-02-27 19:52:10,莫文蔚真的是越看越好看,0.919378945711983,positive
【神仙打架】回顾1997年华语乐坛，首首都是神曲！,2021-02-13 15:30:37,这真的是上到99，下到刚会走都会的歌,0.48521515185924313,neutral
【神仙打架】回顾1997年华语乐坛，首首都是神曲！,2021-02-04 13:32:54,!!!!!!!laile laile 来了来了,0.8020859269935722,positive
【神仙打架】回顾1997年华语乐坛，首首都是神曲！,2021-01-30 02:54:30,神仙的一年,0.8458069073781641,positive
【神仙打架】回顾1997年华语乐坛，首首都是神曲！,2020-12-10 02:16:22,这MV有点牛，很超前啊,0.8826077808955277,positive
【神仙打架】回顾1997年华语乐坛，首首都是神曲！,2020-11-21 17:07:24,恭迎那天后,0.5132492859765696,neutral
【神仙打架】回顾1997年华语乐坛，首首都是神曲！,2020-10-10 21:01:42,铃声,0.8333333333333333,positive
【神仙打架】回顾1997年华语乐坛，首首都是神曲！,2020-09-22 22:52:45,猛一看好像周蕙,0.8474545063749482,positive
【神仙打架】回顾1997年华语乐坛，首首都是神曲！,2020-09-22 22:52:09,神曲 另一版沙漠寂寞也好听,0.9132356406464892,positive
【神仙打架】回顾1997年华语乐坛，首首都是神曲！,2020-09-22 22:49:56,有时候有时候 我会选择榴莲不放手,0.9342949556913465,positive
【神仙打架】回顾1997年华语乐坛，首首都是神曲！,2020-09-17 23:57:58,啊！！！啊！！！！！,0.03163453909296754,negative
【神仙打架】回顾1997年华语乐坛，首首都是神曲！,2020-09-06 13:34:31,这敢想是上个世纪的歌，太超前了！！！,0.5573851106982741,neutral
【神仙打架】回顾1997年华语乐坛，首首都是神曲！,2020-08-30 23:15:47,哈哈哈哈岳掌门同好,0.9017567492345154,positive
【神仙打架】回顾1997年华语乐坛，首首都是神曲！,2020-08-28 20:36:53,情歌王子只有张信哲,0.36544132239606986,neutral
【神仙打架】回顾1997年华语乐坛，首首都是神曲！,2020-08-25 15:07:39,這首真的難唱阿!!!!,0.6236278129153648,neutral
【神仙打架】回顾1997年华语乐坛，首首都是神曲！,2020-08-25 15:02:58,今天是七夕聽這首歌真的扎心了!!!!!,0.7038870020582135,positive
【神仙打架】回顾1997年华语乐坛，首首都是神曲！,2020-08-25 15:02:05,到現在你還會唱的dididi來了!!!!!!,0.5734259230057985,neutral
【神仙打架】回顾1997年华语乐坛，首首都是神曲！,2020-07-31 13:58:31,我听了这么多年的歌都是小一出的？？！！,0.3590535012564855,neutral
【神仙打架】回顾1997年华语乐坛，首首都是神曲！,2020-07-23 18:33:52,啊啊啊啊啊啊啊啊？！,0.9426876600613961,positive
【神仙打架】回顾1997年华语乐坛，首首都是神曲！,2020-07-06 21:31:11,很好听的，小刚的,0.4550721945496714,neutral
【神仙打架】回顾1997年华语乐坛，首首都是神曲！,2020-06-30 21:07:11,全是神仙,0.9271574759975401,positive
【神仙打架】回顾1997年华语乐坛，首首都是神曲！,2020-06-26 19:43:52,我爱仁爱堂那场,0.8294457583903977,positive
【神仙打架】回顾1997年华语乐坛，首首都是神曲！,2020-06-26 19:42:10,酷炫拽帅,0.9433205505990828,positive
【神仙打架】回顾1997年华语乐坛，首首都是神曲！,2020-06-14 01:03:11,神仙打架,0.8780844279994073,positive
【神仙打架】回顾1997年华语乐坛，首首都是神曲！,2020-05-26 18:34:33,好惨哈哈哈哈,0.9532504480318299,positive
【神仙打架】回顾1997年华语乐坛，首首都是神曲！,2020-05-25 02:14:03,二哥的歌真的听不腻！,0.899967324838442,positive
【神仙打架】回顾1997年华语乐坛，首首都是神曲！,2020-05-25 02:11:38,我心中永远的小魔女！,0.9939865127664431,positive
【神仙打架】回顾1997年华语乐坛，首首都是神曲！,2020-05-25 02:10:18,听到这歌就想起当年小学时候晚上出去high的感觉，那年代真的好纯真啊！,0.9971686252563653,positive
【神仙打架】回顾1997年华语乐坛，首首都是神曲！,2020-05-25 02:06:43,真就一直炸一直炸！！,0.34529180309952257,neutral
【神仙打架】回顾1997年华语乐坛，首首都是神曲！,2020-04-28 17:26:03,磊哥以前挺帅的,0.4737672181921908,neutral
【神仙打架】回顾1997年华语乐坛，首首都是神曲！,2020-04-23 18:54:29,永远的天后！！！,0.31637791520501324,neutral
【神仙打架】回顾1997年华语乐坛，首首都是神曲！,2020-04-20 19:37:46,听~海哭的声音~,0.8209824400268897,positive
【神仙打架】回顾1997年华语乐坛，首首都是神曲！,2020-04-14 15:33:35,宇哥两杀！！！！,0.1944820832876708,negative
【神仙打架】回顾1997年华语乐坛，首首都是神曲！,2020-04-14 15:31:01,宇哥太帅了啊啊啊啊啊啊啊爱他一辈子！！,0.9779941994178055,positive
【神仙打架】回顾1997年华语乐坛，首首都是神曲！,2020-03-29 16:13:41,我也会~2333,0.5278279627376559,neutral
【神仙打架】回顾1997年华语乐坛，首首都是神曲！,2020-03-29 15:34:43,开场王炸,0.8274005891152684,positive
【神仙打架】回顾1997年华语乐坛，首首都是神曲！,2020-03-27 12:01:46,nono！！！,0.5,neutral
【神仙打架】回顾1997年华语乐坛，首首都是神曲！,2020-03-27 05:19:02,入坑曲,0.414986446702714,neutral
【神仙打架】回顾1997年华语乐坛，首首都是神曲！,2020-03-25 11:14:04,啊啊啊啊啊啊啊最喜欢的一首！！！,0.9535131033415297,positive
【神仙打架】回顾1997年华语乐坛，首首都是神曲！,2020-03-18 21:09:55,歌手总决赛上直接听哭了,0.8757967215973957,positive
【神仙打架】回顾1997年华语乐坛，首首都是神曲！,2020-03-18 06:45:32,钢牙妹!,0.4118453535933251,neutral
【神仙打架】回顾1997年华语乐坛，首首都是神曲！,2020-03-17 20:32:07,神级对唱情歌,0.44767845850986676,neutral
【神仙打架】回顾1997年华语乐坛，首首都是神曲！,2020-03-06 13:28:17,王菲也是神仙颜值,0.9965802035261592,positive
【神仙打架】回顾1997年华语乐坛，首首都是神曲！,2020-03-06 00:35:38,KTV合唱曲目,0.18103690514018622,negative
【神仙打架】回顾1997年华语乐坛，首首都是神曲！,2020-03-05 23:16:16,主要那时候大神太多，不像现在都是流量小生,0.22634641826302204,negative
【神仙打架】回顾1997年华语乐坛，首首都是神曲！,2020-03-05 11:29:52,徐怀钰上线,0.7297173112017673,positive
【神仙打架】回顾1997年华语乐坛，首首都是神曲！,2020-03-05 11:26:37,小刚的哥,0.6000799053524193,neutral
【神仙打架】回顾1997年华语乐坛，首首都是神曲！,2020-03-04 15:09:17,我哭了，时代的眼泪,0.9809776820569707,positive
【神仙打架】回顾1997年华语乐坛，首首都是神曲！,2020-02-29 19:55:28,我的青春记忆！！！！！！,0.866202784591457,positive
【神仙打架】回顾1997年华语乐坛，首首都是神曲！,2020-02-28 18:12:21,真的神仙打架,0.8799098744792505,positive
【神仙打架】回顾1997年华语乐坛，首首都是神曲！,2020-02-21 16:02:02,同桌当年特喜欢这首歌,0.9659852225749729,positive
【神仙打架】回顾1997年华语乐坛，首首都是神曲！,2020-02-19 18:02:15,哇，超喜欢这首,0.8108924523174789,positive
【神仙打架】回顾1997年华语乐坛，首首都是神曲！,2020-02-14 21:17:40,为徐怀钰打电话，初中最喜欢的歌手,0.7682229113539776,positive
【神仙打架】回顾1997年华语乐坛，首首都是神曲！,2020-01-26 10:22:22,这个词真的卧槽哈哈哈,0.8425087992361369,positive
【神仙打架】回顾1997年华语乐坛，首首都是神曲！,2020-01-24 23:49:03,哈哈哈好直白的歌,0.9229788964456288,positive
【神仙打架】回顾1997年华语乐坛，首首都是神曲！,2020-01-18 21:19:20,我的华来啦！,0.5860215053763443,neutral
【神仙打架】回顾1997年华语乐坛，首首都是神曲！,2020-01-14 20:58:42,王菲最好的时期,0.995765463979698,positive
【神仙打架】回顾1997年华语乐坛，首首都是神曲！,2020-01-10 16:14:38,歌词现在居然感觉被冒犯到哈哈,0.8270100539366213,positive
【神仙打架】回顾1997年华语乐坛，首首都是神曲！,2020-01-10 01:10:02,天呐，都过去22年了,0.5079225809714153,neutral
【神仙打架】回顾1997年华语乐坛，首首都是神曲！,2020-01-10 01:08:00,天呐，22年过去了,0.6150640789990196,neutral
【神仙打架】回顾1997年华语乐坛，首首都是神曲！,2020-01-07 02:17:51,教数学那个哈哈哈哈哈哈哈哈,0.998324974322178,positive
【神仙打架】回顾1997年华语乐坛，首首都是神曲！,2019-12-30 21:03:34,我在music radio上听到的,0.3567022439268708,neutral
【神仙打架】回顾1997年华语乐坛，首首都是神曲！,2019-12-26 20:43:30,神啊！也救救我吧！,0.5787951414223784,neutral
【神仙打架】回顾1997年华语乐坛，首首都是神曲！,2019-12-25 15:36:14,神仙打架啊,0.8780844279994073,positive
【神仙打架】回顾1997年华语乐坛，首首都是神曲！,2019-12-24 00:06:58,啥？我记得这是小刚的歌啊,0.8853478217433287,positive
【神仙打架】回顾1997年华语乐坛，首首都是神曲！,2019-12-17 23:11:30,娃哈哈 是在想什么！,0.8589688054950496,positive
【神仙打架】回顾1997年华语乐坛，首首都是神曲！,2019-12-15 00:21:59,我98年的，高中全班唱歌（一周有一节课用来唱歌），还经常点这个,0.3291482922225317,neutral
【神仙打架】回顾1997年华语乐坛，首首都是神曲！,2019-12-11 19:27:08,神仙打架,0.8780844279994073,positive
【神仙打架】回顾1997年华语乐坛，首首都是神曲！,2019-12-11 19:08:17,卧槽啊啊啊啊啊啊啊啊,0.9815548945301423,positive
【神仙打架】回顾1997年华语乐坛，首首都是神曲！,2019-12-10 17:15:50,啊啊啊啊啊啊，我大哥成名曲出来了！！！,0.8059345753859103,positive
【神仙打架】回顾1997年华语乐坛，首首都是神曲！,2019-12-10 13:57:11,所以我的记忆一直停留在那一年？,0.8640989469621339,positive
【神仙打架】回顾1997年华语乐坛，首首都是神曲！,2019-12-10 13:56:44,所以……我的记忆一直停在那一年？？？,0.2458964145429453,negative
【神仙打架】回顾1997年华语乐坛，首首都是神曲！,2019-12-09 21:53:07,星际争霸 丢原子弹必放此歌,0.6432191464298993,neutral
【神仙打架】回顾1997年华语乐坛，首首都是神曲！,2019-12-08 23:45:01,黎明太帅了！！！！,0.4200585327565135,neutral
【神仙打架】回顾1997年华语乐坛，首首都是神曲！,2019-12-08 20:50:24,奶茶神曲！！！！,0.8808167687187909,positive
【神仙打架】回顾1997年华语乐坛，首首都是神曲！,2019-12-06 21:16:46,我爱黎明！,0.8892573647438486,positive
【神仙打架】回顾1997年华语乐坛，首首都是神曲！,2019-12-06 01:38:01,我曹太帅了 我要弯了,0.9453298296333034,positive
【神仙打架】回顾1997年华语乐坛，首首都是神曲！,2019-12-06 01:31:56,哈哈哈 歌词莫名笑岔气 明明很伤感,0.9988094554333945,positive
【神仙打架】回顾1997年华语乐坛，首首都是神曲！,2019-12-06 00:27:52,当年我还在打魂斗罗,0.8688694427846881,positive
【神仙打架】回顾1997年华语乐坛，首首都是神曲！,2019-12-04 01:17:47,mv真的超像内田姐姐,0.7440871596679655,positive
【神仙打架】回顾1997年华语乐坛，首首都是神曲！,2019-12-04 00:44:26,氧气！！,0.28565559752879754,negative
【神仙打架】回顾1997年华语乐坛，首首都是神曲！,2019-12-03 01:50:17,神仙打架,0.8780844279994073,positive
【神仙打架】回顾1997年华语乐坛，首首都是神曲！,2019-12-02 13:22:33,张学友张学友我爱你,0.8271952925582761,positive
【神仙打架】回顾1997年华语乐坛，首首都是神曲！,2019-12-01 23:13:17,王力宏这歌居然是98的，我可是07还是08听的,0.20641698591205426,negative
【神仙打架】回顾1997年华语乐坛，首首都是神曲！,2019-11-30 11:02:25,神仙编曲！,0.8182313426953005,positive
【神仙打架】回顾1997年华语乐坛，首首都是神曲！,2019-11-30 10:57:29,我心里最帅的男人,0.7549003192652678,positive
【神仙打架】回顾1997年华语乐坛，首首都是神曲！,2019-11-29 20:30:15,现在单身的我听完哭出来了,0.6223806666452573,neutral
【神仙打架】回顾1997年华语乐坛，首首都是神曲！,2019-11-26 19:39:01,大仙来了！,0.5,neutral
【神仙打架】回顾1997年华语乐坛，首首都是神曲！,2019-11-25 15:37:20,开场王炸,0.8274005891152684,positive
【神仙打架】回顾1997年华语乐坛，首首都是神曲！,2019-11-25 11:14:10,力宏太帅了,0.5586147738508408,neutral
【神仙打架】回顾1997年华语乐坛，首首都是神曲！,2019-11-24 15:28:41,开天王炸！,0.35761221741908245,neutral
【神仙打架】回顾1997年华语乐坛，首首都是神曲！,2019-11-21 11:16:28,98年就神仙打架了,0.4490730442104989,neutral
【神仙打架】回顾1997年华语乐坛，首首都是神曲！,2019-11-20 16:10:50,张宇声音真的好霸气,0.5250436910343516,neutral
【神仙打架】回顾1997年华语乐坛，首首都是神曲！,2019-11-19 23:11:50,今年是真的神仙打架,0.8799098744792505,positive
【神仙打架】回顾1997年华语乐坛，首首都是神曲！,2019-11-17 22:30:04,小刚写的,0.4970550906183868,neutral
【神仙打架】回顾1997年华语乐坛，首首都是神曲！,2019-11-16 08:11:35,神仙打架,0.8780844279994073,positive
【神仙打架】回顾1997年华语乐坛，首首都是神曲！,2019-11-16 04:22:10,哇  这个歌曲GIGI最好听的一首,0.7947273582261963,positive
【神仙打架】回顾1997年华语乐坛，首首都是神曲！,2019-11-16 04:21:19,林志炫最爱的歌没之一，入坑曲,0.9972875836801672,positive
【神仙打架】回顾1997年华语乐坛，首首都是神曲！,2019-11-16 04:20:38,奶茶这个时候出道的，怀念啊，当时才小学,0.9979500037094288,positive
【神仙打架】回顾1997年华语乐坛，首首都是神曲！,2019-11-16 04:19:35,神曲啊，KTV必点情歌对唱之一,0.39649036561138595,neutral
【神仙打架】回顾1997年华语乐坛，首首都是神曲！,2019-11-14 17:15:15,前方核能请注意！！！！！！！！！！！！！！！！！！,0.4079520792314625,neutral
【神仙打架】回顾1997年华语乐坛，首首都是神曲！,2019-11-14 12:10:18,开局王炸,0.8274005891152684,positive
【神仙打架】回顾1997年华语乐坛，首首都是神曲！,2019-11-14 00:32:39,很爱很爱你！！！,0.8650863267563699,positive
【神仙打架】回顾1997年华语乐坛，首首都是神曲！,2019-11-11 19:10:31,当年的张宇还在唱歌，现在的张宇却在教数学,0.8835912571066971,positive
【神仙打架】回顾1997年华语乐坛，首首都是神曲！,2019-11-11 07:12:42,哇 这年全是我喜欢的,0.34596919218597966,neutral
【神仙打架】回顾1997年华语乐坛，首首都是神曲！,2019-11-10 14:18:29,我王！！！你币有了！,0.5095244053809349,neutral
【神仙打架】回顾1997年华语乐坛，首首都是神曲！,2019-11-10 13:56:33,那年你七岁的别走！我下一年才出生，每一首我都会唱,0.9978124780116578,positive
【神仙打架】回顾1997年华语乐坛，首首都是神曲！,2019-11-10 00:34:41,氧气我记得有两个版本而且都好听,0.6547558279513996,neutral
【神仙打架】回顾1997年华语乐坛，首首都是神曲！,2022-10-28 20:05:06,乍一看看成了王迅,0.8848815538563564,positive
【神仙打架】回顾1997年华语乐坛，首首都是神曲！,2022-09-16 08:26:20,嗷嗷嗷嗷哦啊,0.421874597530976,neutral
【神仙打架】回顾1997年华语乐坛，首首都是神曲！,2022-09-16 08:25:44,半空气半声音jyp！！！,0.17330793426078162,negative
【神仙打架】回顾1997年华语乐坛，首首都是神曲！,2022-04-01 16:28:54,电音黎准备出道,0.3538640298234649,neutral
【神仙打架】回顾1997年华语乐坛，首首都是神曲！,2022-03-30 19:04:35,救命DNA动了。。,0.6826954865981147,neutral
【神仙打架】回顾1997年华语乐坛，首首都是神曲！,2022-03-18 22:18:21,我的青春过去了,0.9852941176470588,positive
【神仙打架】回顾1997年华语乐坛，首首都是神曲！,2022-03-18 21:49:46,云式情歌也是首首经典,0.9673890467265323,positive
【神仙打架】回顾1997年华语乐坛，首首都是神曲！,2022-03-16 20:45:44,我爱黎明我爱黎明,0.9830655868115283,positive
【神仙打架】回顾1997年华语乐坛，首首都是神曲！,2022-03-15 14:25:25,小刚都很好听,0.48009553199615473,neutral
【神仙打架】回顾1997年华语乐坛，首首都是神曲！,2022-02-03 17:57:37,徐怀钰也是可惜,0.7546834638637231,positive
【神仙打架】回顾1997年华语乐坛，首首都是神曲！,2022-01-28 20:11:50,正好范晓萱转型了,0.8896673495762087,positive
【神仙打架】回顾1997年华语乐坛，首首都是神曲！,2022-01-18 22:01:19,双刀火鸡腕力惊人,0.18336138278556668,negative
【神仙打架】回顾1997年华语乐坛，首首都是神曲！,2022-01-17 01:02:23,娃哈哈矿泉水,0.765825481252658,positive
【神仙打架】回顾1997年华语乐坛，首首都是神曲！,2022-01-16 18:46:58,我爱黎明我爱黎明,0.9830655868115283,positive
【神仙打架】回顾1997年华语乐坛，首首都是神曲！,2021-12-18 15:15:47,头发乱了！叼打饿狼传说,0.37140997414495036,neutral
【神仙打架】回顾1997年华语乐坛，首首都是神曲！,2021-12-05 03:30:18,芸式唱腔,0.4737672181921908,neutral
【神仙打架】回顾1997年华语乐坛，首首都是神曲！,2021-11-13 19:47:38,一首心太软霸榜2年。。。。哈哈,0.05243768046142583,negative
【神仙打架】回顾1997年华语乐坛，首首都是神曲！,2021-10-28 00:19:59,矿泉水天王,0.36593090798383066,neutral
【神仙打架】回顾1997年华语乐坛，首首都是神曲！,2021-09-23 23:07:33,猛男之歌,0.9508397197816851,positive
【神仙打架】回顾1997年华语乐坛，首首都是神曲！,2021-07-07 06:20:18,黄老师可是张雨生的铁杆粉丝啊,0.8943976358257878,positive
【神仙打架】回顾1997年华语乐坛，首首都是神曲！,2021-06-28 16:41:37,黎明96年就玩电音了，都是原创好吗！,0.7469563780159792,positive
【神仙打架】回顾1997年华语乐坛，首首都是神曲！,2021-06-09 13:47:27,越吻越傷心！！！,0.827493781684616,positive
【神仙打架】回顾1997年华语乐坛，首首都是神曲！,2021-02-01 17:10:58,年度金曲来了,0.4737672181921908,neutral
【神仙打架】回顾1997年华语乐坛，首首都是神曲！,2021-01-31 21:10:01,劲歌金曲,0.536615492269173,neutral
【神仙打架】回顾1997年华语乐坛，首首都是神曲！,2021-01-30 02:59:16,梦幻联动,0.8361112027760083,positive
【神仙打架】回顾1997年华语乐坛，首首都是神曲！,2020-07-31 01:47:56,学友哥的离人呢,0.843203585821011,positive
【神仙打架】回顾1997年华语乐坛，首首都是神曲！,2020-07-23 18:38:06,利文斯顿,0.5,neutral
【神仙打架】回顾1997年华语乐坛，首首都是神曲！,2020-07-21 15:08:30,压轴必是相约98,0.06862849531033566,negative
【神仙打架】回顾1997年华语乐坛，首首都是神曲！,2020-06-24 20:08:37,我万万没想到是磊磊,0.15841326591520277,negative
【神仙打架】回顾1997年华语乐坛，首首都是神曲！,2020-06-10 12:32:48,我爱黎明，我爱黎明，我爱黎明,0.9976228623684457,positive
【神仙打架】回顾1997年华语乐坛，首首都是神曲！,2020-06-05 18:30:29,娃哈哈矿泉水,0.765825481252658,positive
【神仙打架】回顾1997年华语乐坛，首首都是神曲！,2020-06-01 09:36:57,黑涩会美眉唱过风格不一样的,0.9650460325136222,positive
【神仙打架】回顾1997年华语乐坛，首首都是神曲！,2020-05-03 19:30:40,新宝岛,0.621737452494934,neutral
【神仙打架】回顾1997年华语乐坛，首首都是神曲！,2020-04-29 00:02:21,梦幻联动,0.8361112027760083,positive
【神仙打架】回顾1997年华语乐坛，首首都是神曲！,2020-03-28 18:25:50,不是出道曲哦，出道曲是不可能错过你,0.5501000319607215,neutral
【神仙打架】回顾1997年华语乐坛，首首都是神曲！,2020-03-25 22:24:09,当年的芸式唱腔,0.691444066643552,neutral
【神仙打架】回顾1997年华语乐坛，首首都是神曲！,2020-02-19 13:05:05,游鸿明把我炸出来了,0.5799258129219194,neutral
【神仙打架】回顾1997年华语乐坛，首首都是神曲！,2020-02-13 16:04:23,这个必须出来一下，现在歌单还有,0.5518880654695804,neutral
【神仙打架】回顾1997年华语乐坛，首首都是神曲！,2020-02-12 14:58:10,jpy写给自己的。。学友翻唱而已,0.8984340701605763,positive
【神仙打架】回顾1997年华语乐坛，首首都是神曲！,2020-01-11 11:18:27,我，火油，砸场子,0.4191182462934423,neutral
【神仙打架】回顾1997年华语乐坛，首首都是神曲！,2019-12-12 15:36:01,苏永康成名作,0.6612958588781941,neutral
【神仙打架】回顾1997年华语乐坛，首首都是神曲！,2019-12-12 15:35:24,天王时代,0.8088468949888838,positive
【神仙打架】回顾1997年华语乐坛，首首都是神曲！,2019-12-08 23:45:25,年年都有张学友,0.5838698677094176,neutral
【神仙打架】回顾1997年华语乐坛，首首都是神曲！,2019-12-07 14:40:01,2哥出道好早,0.42725186301543694,neutral
【神仙打架】回顾1997年华语乐坛，首首都是神曲！,2019-12-05 20:49:38,没有夏洛吗?,0.810477687900298,positive
【神仙打架】回顾1997年华语乐坛，首首都是神曲！,2019-12-02 13:22:19,我爱黎明我爱黎明,0.9830655868115283,positive
【神仙打架】回顾1997年华语乐坛，首首都是神曲！,2019-11-18 21:50:41,JPY写给学友的,0.727466210894212,positive
【神仙打架】回顾1997年华语乐坛，首首都是神曲！,2019-11-13 03:41:37,好有那个年代的感觉,0.7489468172409162,positive
【神仙打架】回顾1997年华语乐坛，首首都是神曲！,2022-11-10 15:17:27,这年好强啊,0.1837233963534416,negative
【神仙打架】回顾1997年华语乐坛，首首都是神曲！,2022-06-22 21:54:44,~JYP~,0.5,neutral
【神仙打架】回顾1997年华语乐坛，首首都是神曲！,2022-03-18 15:05:45,LeonLeonLeonLeon,0.5,neutral
【神仙打架】回顾1997年华语乐坛，首首都是神曲！,2022-02-03 17:59:01,矿泉水之歌,0.6011028547590941,neutral
【神仙打架】回顾1997年华语乐坛，首首都是神曲！,2022-01-15 00:39:41,哎，纯净偶像塌方了,0.8870821888533571,positive
【神仙打架】回顾1997年华语乐坛，首首都是神曲！,2021-12-20 01:20:47,力宏人设也崩了，步云迪后尘,0.8386223586808025,positive
【神仙打架】回顾1997年华语乐坛，首首都是神曲！,2021-10-26 23:10:42,茄子打职业前,0.4135819061467165,neutral
【神仙打架】回顾1997年华语乐坛，首首都是神曲！,2021-09-20 02:19:17,我说我要你快乐——,0.9518816681935547,positive
【神仙打架】回顾1997年华语乐坛，首首都是神曲！,2021-09-14 20:39:30,梅开一度,0.5,neutral
【神仙打架】回顾1997年华语乐坛，首首都是神曲！,2020-06-26 19:43:22,应该把MV刚开始那段也减上去,0.850355021854801,positive
【神仙打架】回顾1997年华语乐坛，首首都是神曲！,2020-01-22 19:08:24,黎明粤语歌,0.8639312594176498,positive
【神仙打架】回顾1997年华语乐坛，首首都是神曲！,2019-12-31 18:43:28,帅翻帅翻帅翻,0.8893600601573829,positive
【神仙打架】回顾1997年华语乐坛，首首都是神曲！,2019-12-31 18:42:05,我喜欢黎明立麦唱这歌,0.9945837924443229,positive
【神仙打架】回顾1997年华语乐坛，首首都是神曲！,2019-11-26 17:45:38,模仿迈克尔开始了吗？,0.459542150873823,neutral
【神仙打架】回顾1997年华语乐坛，首首都是神曲！,2022-07-16 20:36:56,从这年开始，黎明在电音的路上越走越远了,0.6638324572305473,neutral
【神仙打架】回顾1997年华语乐坛，首首都是神曲！,2022-06-20 15:47:06,转型去玩R&B了,0.8239188438539937,positive
【神仙打架】回顾1997年华语乐坛，首首都是神曲！,2022-03-18 15:06:02,啊啊啊啊Leon,0.8794433566334721,positive
【神仙打架】回顾1997年华语乐坛，首首都是神曲！,2022-01-28 15:18:57,2021年末他下线了,0.48968969274551233,neutral
【神仙打架】回顾1997年华语乐坛，首首都是神曲！,2021-12-30 11:50:56,谁能想到王力宏会这样,0.8986794630751659,positive
【神仙打架】回顾1997年华语乐坛，首首都是神曲！,2021-12-18 18:05:45,电音祖师爷黎明,0.463189473039869,neutral
【神仙打架】回顾1997年华语乐坛，首首都是神曲！,2020-10-10 03:42:54,雷颂德要发飙了,0.7210851731783998,positive
【神仙打架】回顾1997年华语乐坛，首首都是神曲！,2022-11-26 11:50:01,-1岁,0.5966219184812913,neutral
【神仙打架】回顾1997年华语乐坛，首首都是神曲！,2022-11-15 22:26:03,风云雄霸天下,0.45183367597410684,neutral
【神仙打架】回顾1997年华语乐坛，首首都是神曲！,2022-11-15 03:51:19,卷起来了,0.5,neutral
【神仙打架】回顾1997年华语乐坛，首首都是神曲！,2022-11-13 10:54:34,这一年都是和初恋的的回忆，现在的老婆当时8岁，哎,0.9980053177690202,positive
【神仙打架】回顾1997年华语乐坛，首首都是神曲！,2022-11-06 19:05:30,啊啊啊啊啊啊啊啊啊啊啊啊啊啊啊啊啊啊,0.9998823042644489,positive
【神仙打架】回顾1997年华语乐坛，首首都是神曲！,2022-11-05 15:16:39,大家好才是真的话,0.5160284584203345,neutral
【神仙打架】回顾1997年华语乐坛，首首都是神曲！,2022-10-27 21:49:50,哭了。。。是黑白的,0.8696018065759347,positive
【神仙打架】回顾1997年华语乐坛，首首都是神曲！,2022-10-27 14:59:50,老大老大老大爱你,0.025969980697787554,negative
【神仙打架】回顾1997年华语乐坛，首首都是神曲！,2022-10-27 14:59:36,老大老大老大爱你,0.025969980697787554,negative
【神仙打架】回顾1997年华语乐坛，首首都是神曲！,2022-10-24 17:13:41,gigi!!!!,0.5,neutral
【神仙打架】回顾1997年华语乐坛，首首都是神曲！,2022-10-19 17:50:01,姑娘下来吧 工头答应给钱了,0.1746012428499526,negative
【神仙打架】回顾1997年华语乐坛，首首都是神曲！,2022-09-21 22:04:51,这年脍炙人口的歌太多了,0.19977931574499752,negative
【神仙打架】回顾1997年华语乐坛，首首都是神曲！,2022-09-19 21:27:44,梁咏琪火的时候是靠跟郑伊健搞三角恋火的,0.7386413276436083,positive
【神仙打架】回顾1997年华语乐坛，首首都是神曲！,2022-09-13 15:46:25,乌蝇哥,0.6000799053524193,neutral
【神仙打架】回顾1997年华语乐坛，首首都是神曲！,2022-09-13 15:45:53,痛,0.7093023255813952,positive
【神仙打架】回顾1997年华语乐坛，首首都是神曲！,2022-09-13 15:44:48,山鸡,0.7049500740810135,positive
【神仙打架】回顾1997年华语乐坛，首首都是神曲！,2022-09-13 15:43:56,王靖雯,0.7997918680636315,positive
【神仙打架】回顾1997年华语乐坛，首首都是神曲！,2022-09-05 13:23:21,这首还真的没听过呢。,0.6630565476698764,neutral
【神仙打架】回顾1997年华语乐坛，首首都是神曲！,2022-09-05 13:22:25,我只想到纯净水。。。,0.24874412826042291,negative
【神仙打架】回顾1997年华语乐坛，首首都是神曲！,2022-09-05 13:18:37,卧槽，大仙出来了。,0.4737672181921908,neutral
【神仙打架】回顾1997年华语乐坛，首首都是神曲！,2022-09-05 13:17:05,神曲,0.5,neutral
【神仙打架】回顾1997年华语乐坛，首首都是神曲！,2022-09-03 18:41:21,二杀,0.5,neutral
【神仙打架】回顾1997年华语乐坛，首首都是神曲！,2022-08-30 01:43:23,大陆当时确实没有这种抄袭成风，遍地巴拉的音乐环境,0.696940437904556,neutral
【神仙打架】回顾1997年华语乐坛，首首都是神曲！,2022-08-27 21:24:00,王炸,0.8418879760491043,positive
【神仙打架】回顾1997年华语乐坛，首首都是神曲！,2022-08-25 04:11:44,我想我是海王,0.5180297910986704,neutral
【神仙打架】回顾1997年华语乐坛，首首都是神曲！,2022-08-25 04:09:26,嘿嘿，我是男生,0.7131857735707243,positive
【神仙打架】回顾1997年华语乐坛，首首都是神曲！,2022-08-19 00:47:40,我十岁啦,0.26994827121965803,negative
【神仙打架】回顾1997年华语乐坛，首首都是神曲！,2022-08-18 19:13:09,回忆,0.9456521739130435,positive
【神仙打架】回顾1997年华语乐坛，首首都是神曲！,2022-08-17 14:58:40,FFFFFFFFFFFFFFFFFFFFFFFFFFF,0.5,neutral
【神仙打架】回顾1997年华语乐坛，首首都是神曲！,2022-08-11 23:18:45,6666666,0.5,neutral
【神仙打架】回顾1997年华语乐坛，首首都是神曲！,2022-08-03 23:00:03,山无棱 天地合 地壳运动般的爱情~~~~~~~~,0.863287858648058,positive
【神仙打架】回顾1997年华语乐坛，首首都是神曲！,2022-08-01 20:58:14,朱骏,0.5,neutral
【神仙打架】回顾1997年华语乐坛，首首都是神曲！,2022-07-31 15:57:35,相约98,0.07565353203396996,negative
【神仙打架】回顾1997年华语乐坛，首首都是神曲！,2022-07-31 13:13:24,平頭萱~,0.427962249072561,neutral
【神仙打架】回顾1997年华语乐坛，首首都是神曲！,2022-07-30 06:43:52,锋菲hhh,0.9287065226948995,positive
【神仙打架】回顾1997年华语乐坛，首首都是神曲！,2022-07-28 15:34:23,来了,0.5262327818078083,neutral
【神仙打架】回顾1997年华语乐坛，首首都是神曲！,2022-07-27 18:57:47,?????????,0.5,neutral
【神仙打架】回顾1997年华语乐坛，首首都是神曲！,2022-07-24 22:12:25,好喜欢范晓萱,0.8237954646725731,positive
【神仙打架】回顾1997年华语乐坛，首首都是神曲！,2022-07-24 19:00:17,人呢？？,0.19868287871975843,negative
【神仙打架】回顾1997年华语乐坛，首首都是神曲！,2022-07-23 16:30:16,徐怀钰当年不愿意被潜规则所以被雪藏了,0.9890109855870989,positive
【神仙打架】回顾1997年华语乐坛，首首都是神曲！,2022-07-23 00:33:00,哈哈,0.5262327818078083,neutral
【神仙打架】回顾1997年华语乐坛，首首都是神曲！,2022-07-22 15:28:14,妇炎洁来了,0.36659314554204503,neutral
【神仙打架】回顾1997年华语乐坛，首首都是神曲！,2022-07-22 15:25:24,红豆 经典,0.8956703264543376,positive
【神仙打架】回顾1997年华语乐坛，首首都是神曲！,2022-07-21 19:42:26,《还珠》二刷,0.6388650679807041,neutral
【神仙打架】回顾1997年华语乐坛，首首都是神曲！,2022-07-21 19:41:29,暑假档，回不去的童年啊,0.9521232986418382,positive
【神仙打架】回顾1997年华语乐坛，首首都是神曲！,2022-07-19 11:45:31,太痛了,0.5351662120420734,neutral
【神仙打架】回顾1997年华语乐坛，首首都是神曲！,2022-07-18 21:06:25,中国好闺蜜？,0.9677284885147982,positive
【神仙打架】回顾1997年华语乐坛，首首都是神曲！,2022-07-18 21:05:22,那英又来了,0.3076923076923076,neutral
【神仙打架】回顾1997年华语乐坛，首首都是神曲！,2022-07-18 21:01:36,有石猴,0.5,neutral
【神仙打架】回顾1997年华语乐坛，首首都是神曲！,2022-07-16 20:35:41,不服老不行，特么首首都会唱,0.2830073561910684,negative
【神仙打架】回顾1997年华语乐坛，首首都是神曲！,2022-07-12 11:36:32,出生啦,0.7499999999999999,positive
【神仙打架】回顾1997年华语乐坛，首首都是神曲！,2022-07-06 23:25:46,汉化哈,0.5,neutral
【神仙打架】回顾1997年华语乐坛，首首都是神曲！,2022-07-04 20:44:34,"諸神之戰的前哨戰,就此開始",0.1819560689632519,negative
【神仙打架】回顾1997年华语乐坛，首首都是神曲！,2022-07-04 09:03:28,广州好迪,0.44519683193360093,neutral
【神仙打架】回顾1997年华语乐坛，首首都是神曲！,2022-07-01 01:01:33,抄袭的日文歌就别放啦~,0.769349519552755,positive
【神仙打架】回顾1997年华语乐坛，首首都是神曲！,2022-06-28 01:55:14,广州1好迪,0.25973013393175404,negative
【神仙打架】回顾1997年华语乐坛，首首都是神曲！,2022-06-27 23:32:35,梁咏琪-胆小鬼,0.4708635413470116,neutral
【神仙打架】回顾1997年华语乐坛，首首都是神曲！,2022-06-26 22:59:28,广州好迪,0.44519683193360093,neutral
【神仙打架】回顾1997年华语乐坛，首首都是神曲！,2022-06-26 21:56:45,我出生了,0.7499999999999999,positive
【神仙打架】回顾1997年华语乐坛，首首都是神曲！,2022-06-23 19:33:06,奶茶情歌上线,0.9886511579407665,positive
【神仙打架】回顾1997年华语乐坛，首首都是神曲！,2022-06-22 20:55:42,越听以前的歌 越烦现在内娱的土鸡瓦狗缝合怪,0.5510636122587848,neutral
【神仙打架】回顾1997年华语乐坛，首首都是神曲！,2022-06-22 03:59:59,教授,0.7323943661971831,positive
【神仙打架】回顾1997年华语乐坛，首首都是神曲！,2022-06-22 03:56:14,最喜欢短发,0.7130464789185268,positive
【神仙打架】回顾1997年华语乐坛，首首都是神曲！,2022-06-22 03:55:12,这首太经典了,0.7072831412570794,positive
【神仙打架】回顾1997年华语乐坛，首首都是神曲！,2022-06-22 03:54:59,巅峰,0.7499999999999999,positive
【神仙打架】回顾1997年华语乐坛，首首都是神曲！,2022-06-22 03:52:31,那时真的听吐了。。。,0.25542169407895676,negative
【神仙打架】回顾1997年华语乐坛，首首都是神曲！,2022-06-22 03:51:39,初二,0.875,positive
【神仙打架】回顾1997年华语乐坛，首首都是神曲！,2022-06-21 23:47:04,广州好迪,0.44519683193360093,neutral
【神仙打架】回顾1997年华语乐坛，首首都是神曲！,2022-06-20 15:42:15,这时候快转型唱跳歌手了,0.8588706020458937,positive
【神仙打架】回顾1997年华语乐坛，首首都是神曲！,2022-06-19 09:40:06,看完2021重回1988，那个顺耳,0.32458558691629125,neutral
【神仙打架】回顾1997年华语乐坛，首首都是神曲！,2022-06-17 10:28:19,???这是她唱的????,0.12937407186048877,negative
【神仙打架】回顾1997年华语乐坛，首首都是神曲！,2022-06-17 10:27:47,伍佰,0.5,neutral
【神仙打架】回顾1997年华语乐坛，首首都是神曲！,2022-06-17 10:25:48,这个歌和鸭子,0.7015622526298516,positive
【神仙打架】回顾1997年华语乐坛，首首都是神曲！,2022-06-15 20:20:16,写给陈慧琳的,0.6898639629368674,neutral
【神仙打架】回顾1997年华语乐坛，首首都是神曲！,2022-06-14 22:06:30,这歌我还以为是08年的，没想到这么早,0.3039769977101099,neutral
【神仙打架】回顾1997年华语乐坛，首首都是神曲！,2022-06-13 00:52:07,好迪，真滴好！,0.644539050534632,neutral
【神仙打架】回顾1997年华语乐坛，首首都是神曲！,2022-06-12 14:39:57,觉得还是98年神仙打架啊,0.1985030852342139,negative
【神仙打架】回顾1997年华语乐坛，首首都是神曲！,2022-06-12 14:39:36,跪下唱,0.8392370218911833,positive
【神仙打架】回顾1997年华语乐坛，首首都是神曲！,2022-06-12 14:36:21,老洗脑了,0.43603902317993226,neutral
【神仙打架】回顾1997年华语乐坛，首首都是神曲！,2022-06-12 14:35:27,小时候空耳成一生一世毛朱熹,0.9725417180428143,positive
【神仙打架】回顾1997年华语乐坛，首首都是神曲！,2022-06-11 09:23:58,怎么没有小虎队啊？,0.5,neutral
【神仙打架】回顾1997年华语乐坛，首首都是神曲！,2022-06-07 19:02:12,广州好迪,0.44519683193360093,neutral
【神仙打架】回顾1997年华语乐坛，首首都是神曲！,2022-06-06 13:52:52,真神仙打架。。。,0.7190199027788402,positive
【神仙打架】回顾1997年华语乐坛，首首都是神曲！,2022-06-05 21:01:50,开始去搞R&B了,0.23369512485646082,negative
【神仙打架】回顾1997年华语乐坛，首首都是神曲！,2022-06-05 20:56:51,琳公主出道就一身资源，有钱任性,0.9888808830914313,positive
【神仙打架】回顾1997年华语乐坛，首首都是神曲！,2022-06-04 19:07:12,这一年我已经会说话了,0.5124783663099437,neutral
【神仙打架】回顾1997年华语乐坛，首首都是神曲！,2022-06-02 14:11:07,女神啊,0.7499999999999999,positive
【神仙打架】回顾1997年华语乐坛，首首都是神曲！,2022-06-01 16:03:55,许茹芸立牌,0.19559952243534506,negative
【神仙打架】回顾1997年华语乐坛，首首都是神曲！,2022-06-01 16:02:43,立牌了,0.5,neutral
【神仙打架】回顾1997年华语乐坛，首首都是神曲！,2022-06-01 16:01:37,想出头太难了,0.2998114037868951,negative
【神仙打架】回顾1997年华语乐坛，首首都是神曲！,2022-05-30 22:48:08,鸡哥嗓音独特，大爱,0.9417728148823666,positive
【神仙打架】回顾1997年华语乐坛，首首都是神曲！,2022-05-30 22:47:10,三连杀,0.41336891252587116,neutral
【神仙打架】回顾1997年华语乐坛，首首都是神曲！,2022-05-30 03:00:33,showgood,0.5,neutral
【神仙打架】回顾1997年华语乐坛，首首都是神曲！,2022-05-29 14:39:30,吼吼,0.5645417826353041,neutral
【神仙打架】回顾1997年华语乐坛，首首都是神曲！,2022-05-29 10:29:23,跪下唱征服,0.9337731030918903,positive
【神仙打架】回顾1997年华语乐坛，首首都是神曲！,2022-05-29 10:27:34,哈哈 黄磊这首歌,0.86145033517163,positive
【神仙打架】回顾1997年华语乐坛，首首都是神曲！,2022-05-28 17:59:40,这个顺序很灵性,0.6140005248659283,neutral
【神仙打架】回顾1997年华语乐坛，首首都是神曲！,2022-05-28 17:04:47,????????????,0.5,neutral
【神仙打架】回顾1997年华语乐坛，首首都是神曲！,2022-05-27 21:03:52,华强 老虎会面驻场歌曲,0.7243582547121793,positive
【神仙打架】回顾1997年华语乐坛，首首都是神曲！,2022-05-27 15:25:12,起立,0.5,neutral
【神仙打架】回顾1997年华语乐坛，首首都是神曲！,2022-05-27 15:23:12,转型了,0.7499999999999999,positive
【神仙打架】回顾1997年华语乐坛，首首都是神曲！,2022-05-27 15:18:54,啊啊啊啊啊啊,0.9563024306917736,positive
【神仙打架】回顾1997年华语乐坛，首首都是神曲！,2022-05-27 05:09:39,琼瑶,0.485377283562902,neutral
【神仙打架】回顾1997年华语乐坛，首首都是神曲！,2022-05-26 20:24:13,神中神中神,0.8100865155264088,positive
【神仙打架】回顾1997年华语乐坛，首首都是神曲！,2022-05-26 20:23:43,神中神,0.8257210737583277,positive
【神仙打架】回顾1997年华语乐坛，首首都是神曲！,2022-05-26 20:23:17,神中神中神,0.8100865155264088,positive
【神仙打架】回顾1997年华语乐坛，首首都是神曲！,2022-05-26 20:22:40,神中神,0.8257210737583277,positive
【神仙打架】回顾1997年华语乐坛，首首都是神曲！,2022-05-26 18:58:40,我去,0.5131611932815242,neutral
【神仙打架】回顾1997年华语乐坛，首首都是神曲！,2022-05-26 18:56:56,我爱黎明,0.8892573647438486,positive
【神仙打架】回顾1997年华语乐坛，首首都是神曲！,2022-05-26 18:54:37,我的大爱,0.7526095931727222,positive
【神仙打架】回顾1997年华语乐坛，首首都是神曲！,2022-05-26 18:54:27,我去,0.5131611932815242,neutral
【神仙打架】回顾1997年华语乐坛，首首都是神曲！,2022-05-26 18:52:36,我刘哥,0.5,neutral
【神仙打架】回顾1997年华语乐坛，首首都是神曲！,2022-05-26 18:51:55,最早的洗脑神曲吧,0.23253029886750665,negative
【神仙打架】回顾1997年华语乐坛，首首都是神曲！,2022-05-26 18:51:35,天王,0.5,neutral
【神仙打架】回顾1997年华语乐坛，首首都是神曲！,2022-05-26 18:50:47,爷青回,0.3594616674314972,neutral
【神仙打架】回顾1997年华语乐坛，首首都是神曲！,2022-05-26 18:50:36,王炸,0.8418879760491043,positive
【神仙打架】回顾1997年华语乐坛，首首都是神曲！,2022-05-25 23:16:40,98年范晓萱年,0.0747923293675864,negative
【神仙打架】回顾1997年华语乐坛，首首都是神曲！,2022-05-25 22:38:35,全是神仙啊~~没有一首稍微冷门的歌~~全是王炸,0.9965580179088974,positive
【神仙打架】回顾1997年华语乐坛，首首都是神曲！,2022-05-25 21:28:46,邰正宵还唱过一个啥来着,0.8376237489676797,positive
【神仙打架】回顾1997年华语乐坛，首首都是神曲！,2022-05-23 15:27:28,现在看不了还珠了，找不到资源,0.3708481645486972,neutral
【神仙打架】回顾1997年华语乐坛，首首都是神曲！,2022-05-23 15:27:10,唱了之后还是没爱人,0.8778265982787312,positive
【神仙打架】回顾1997年华语乐坛，首首都是神曲！,2022-05-22 14:49:20,前面扮小乌龟的别走,0.8333989737900582,positive
【神仙打架】回顾1997年华语乐坛，首首都是神曲！,2022-05-18 14:11:07,继94年之后的又一年全是爆款,0.7471833241407969,positive
【神仙打架】回顾1997年华语乐坛，首首都是神曲！,2022-05-18 14:10:16,哭了,0.7049180327868854,positive
【神仙打架】回顾1997年华语乐坛，首首都是神曲！,2022-05-18 14:09:37,还珠二杀,0.4268306355229209,neutral
【神仙打架】回顾1997年华语乐坛，首首都是神曲！,2022-05-18 14:07:23,连续轰炸,0.2983153035537437,negative
【神仙打架】回顾1997年华语乐坛，首首都是神曲！,2022-05-18 14:07:06,这一年的都好爱,0.8608851893073951,positive
【神仙打架】回顾1997年华语乐坛，首首都是神曲！,2022-05-15 10:47:10,出生年！！！,0.4352015766922501,neutral
【神仙打架】回顾1997年华语乐坛，首首都是神曲！,2022-05-12 16:47:37,神曲,0.5,neutral
【神仙打架】回顾1997年华语乐坛，首首都是神曲！,2022-05-11 16:05:55,神曲,0.5,neutral
【神仙打架】回顾1997年华语乐坛，首首都是神曲！,2022-05-11 16:04:30,大神,0.5,neutral
【神仙打架】回顾1997年华语乐坛，首首都是神曲！,2022-05-11 16:03:56,泪目,0.7500624229391235,positive
【神仙打架】回顾1997年华语乐坛，首首都是神曲！,2022-05-11 16:00:41,哇记事本,0.5,neutral
【神仙打架】回顾1997年华语乐坛，首首都是神曲！,2022-05-10 12:46:43,"来吧,来吧,相约--",0.5,neutral
【神仙打架】回顾1997年华语乐坛，首首都是神曲！,2022-05-08 19:23:25,平民天后,0.6505914559788638,neutral
【神仙打架】回顾1997年华语乐坛，首首都是神曲！,2022-05-08 19:21:16,大神终于来了,0.5613582728500267,neutral
【神仙打架】回顾1997年华语乐坛，首首都是神曲！,2022-05-08 19:19:49,让点歌台主持人吐过的歌，哈哈,0.7659885747091429,positive
【神仙打架】回顾1997年华语乐坛，首首都是神曲！,2022-05-08 19:18:49,黑哥,0.5,neutral
【神仙打架】回顾1997年华语乐坛，首首都是神曲！,2022-05-08 15:12:05,天后的养老保险之一,0.5455470111767523,neutral
【神仙打架】回顾1997年华语乐坛，首首都是神曲！,2022-05-08 14:38:00,高妹啊,0.5,neutral
【神仙打架】回顾1997年华语乐坛，首首都是神曲！,2022-05-07 23:13:30,这瓜保熟么,0.5136559587232669,neutral
【神仙打架】回顾1997年华语乐坛，首首都是神曲！,2022-05-06 23:19:48,黎明的我这样爱你呢,0.8892573647438486,positive
【神仙打架】回顾1997年华语乐坛，首首都是神曲！,2022-05-06 00:24:37,华仔我爱你,0.9036697257837717,positive
【神仙打架】回顾1997年华语乐坛，首首都是神曲！,2022-05-06 00:19:44,起立,0.5,neutral
【神仙打架】回顾1997年华语乐坛，首首都是神曲！,2022-05-05 23:59:52,这一年我来啦！,0.5492584745762712,neutral
【神仙打架】回顾1997年华语乐坛，首首都是神曲！,2022-04-28 18:16:27,又一年4大天王聚首,0.25421320183967333,negative
【神仙打架】回顾1997年华语乐坛，首首都是神曲！,2022-04-28 18:12:54,相约98呢？,0.07565353203396996,negative
【神仙打架】回顾1997年华语乐坛，首首都是神曲！,2022-04-26 14:54:31,好酷的MV,0.4737672181921908,neutral
【神仙打架】回顾1997年华语乐坛，首首都是神曲！,2022-04-26 14:54:22,100样可能最爱,0.702179165176947,positive
【神仙打架】回顾1997年华语乐坛，首首都是神曲！,2022-04-25 19:35:59,好迪真好，大家好才是真的好,0.8056103332298924,positive
【神仙打架】回顾1997年华语乐坛，首首都是神曲！,2022-04-24 00:35:04,连着炸吗？,0.5193138830795896,neutral
【神仙打架】回顾1997年华语乐坛，首首都是神曲！,2022-04-23 23:35:00,甜,0.7692307692307692,positive
【神仙打架】回顾1997年华语乐坛，首首都是神曲！,2022-04-23 23:13:47,差三天就出生了！,0.1471706700857005,negative
【神仙打架】回顾1997年华语乐坛，首首都是神曲！,2022-04-22 22:08:12,全体起立,0.32649808098307553,neutral
【神仙打架】回顾1997年华语乐坛，首首都是神曲！,2022-04-22 16:21:30,都是横扫级别的,0.7761993584529984,positive
【神仙打架】回顾1997年华语乐坛，首首都是神曲！,2022-04-21 23:45:41,大家好才是真的好,0.7250629389789853,positive
【神仙打架】回顾1997年华语乐坛，首首都是神曲！,2022-04-21 23:44:26,KTV必点歌之一,0.16135581562971457,negative
【神仙打架】回顾1997年华语乐坛，首首都是神曲！,2022-04-17 23:48:45,天啊,0.38121739130434773,neutral
【神仙打架】回顾1997年华语乐坛，首首都是神曲！,2022-04-16 22:42:17,龙在江湖,0.9322703487667651,positive
【神仙打架】回顾1997年华语乐坛，首首都是神曲！,2022-04-16 22:36:50,这首得跪着唱,0.8369587512895927,positive
【神仙打架】回顾1997年华语乐坛，首首都是神曲！,2022-04-16 22:33:57,大家好才是真的好,0.7250629389789853,positive
【神仙打架】回顾1997年华语乐坛，首首都是神曲！,2022-04-16 18:07:38,我是女生，漂亮得女生…,0.8854885100503233,positive
【神仙打架】回顾1997年华语乐坛，首首都是神曲！,2022-04-15 01:06:55,98年我是谁 我在哪？？,0.018294840016175873,negative
【神仙打架】回顾1997年华语乐坛，首首都是神曲！,2022-04-14 02:26:33,我擦。。,0.29526023418167513,negative
【神仙打架】回顾1997年华语乐坛，首首都是神曲！,2022-04-10 00:53:44,红豆我超喜欢,0.8778804874246703,positive
【神仙打架】回顾1997年华语乐坛，首首都是神曲！,2022-04-07 13:42:18,这首谢霆锋自己作词作曲,0.8312893424712127,positive
【神仙打架】回顾1997年华语乐坛，首首都是神曲！,2022-04-05 11:32:28,全体起立,0.32649808098307553,neutral
【神仙打架】回顾1997年华语乐坛，首首都是神曲！,2022-04-03 11:59:49,我的最爱,0.7790473730968941,positive
【神仙打架】回顾1997年华语乐坛，首首都是神曲！,2022-04-03 09:13:19,霆锋,0.6923786120385603,neutral
【神仙打架】回顾1997年华语乐坛，首首都是神曲！,2022-04-03 03:50:20,高中年代啊,0.7003208674212132,positive
【神仙打架】回顾1997年华语乐坛，首首都是神曲！,2022-04-02 18:46:44,87年11岁,0.35606199633225066,neutral
【神仙打架】回顾1997年华语乐坛，首首都是神曲！,2022-04-02 16:00:57,台三千,0.9023078339611877,positive
【神仙打架】回顾1997年华语乐坛，首首都是神曲！,2022-04-02 16:00:16,标准琳姐富二代,0.64043882850039,neutral
【神仙打架】回顾1997年华语乐坛，首首都是神曲！,2022-04-01 16:27:28,华仔最经典 没有之一,0.9224457285076874,positive
【神仙打架】回顾1997年华语乐坛，首首都是神曲！,2022-04-01 16:25:57,纯挚年代,0.5888656572859202,neutral
【神仙打架】回顾1997年华语乐坛，首首都是神曲！,2022-04-01 12:40:37,张宇真的棒,0.5592559274215568,neutral
【神仙打架】回顾1997年华语乐坛，首首都是神曲！,2022-03-31 17:50:36,都是经典,0.7785039195989645,positive
【神仙打架】回顾1997年华语乐坛，首首都是神曲！,2022-03-31 09:16:47,老马,0.5,neutral
【神仙打架】回顾1997年华语乐坛，首首都是神曲！,2022-03-30 19:14:33,对哦98年怎么没有相约98,0.007295334546360777,negative
【神仙打架】回顾1997年华语乐坛，首首都是神曲！,2022-03-30 19:13:05,游鸿明好歌也很多,0.9053198877123706,positive
【神仙打架】回顾1997年华语乐坛，首首都是神曲！,2022-03-30 19:04:55,超爱,0.772730741840251,positive
【神仙打架】回顾1997年华语乐坛，首首都是神曲！,2022-03-30 19:03:22,每一首都那么高能。。,0.37879584607774064,neutral
【神仙打架】回顾1997年华语乐坛，首首都是神曲！,2022-03-30 19:03:03,救命神曲。。。,0.8355674936496276,positive
【神仙打架】回顾1997年华语乐坛，首首都是神曲！,2022-03-30 19:02:43,这个太经典。。。,0.5591443425180562,neutral
【神仙打架】回顾1997年华语乐坛，首首都是神曲！,2022-03-30 19:02:24,哦我的老林,0.5,neutral
【神仙打架】回顾1997年华语乐坛，首首都是神曲！,2022-03-30 19:02:08,妈耶,0.5,neutral
【神仙打架】回顾1997年华语乐坛，首首都是神曲！,2022-03-30 19:02:03,这个也超红。。。,0.559572672169593,neutral
【神仙打架】回顾1997年华语乐坛，首首都是神曲！,2022-03-30 19:01:39,啊啊全程高能。。,0.4993830646484083,neutral
【神仙打架】回顾1997年华语乐坛，首首都是神曲！,2022-03-30 19:01:25,好听死了,0.1715087548077272,negative
【神仙打架】回顾1997年华语乐坛，首首都是神曲！,2022-03-30 19:01:02,这个也好经典。。。,0.7288489970373577,positive
【神仙打架】回顾1997年华语乐坛，首首都是神曲！,2022-03-30 19:00:31,这个好经典,0.8450529172293507,positive
【神仙打架】回顾1997年华语乐坛，首首都是神曲！,2022-03-30 19:00:10,救命救命,0.9350851483655283,positive
【神仙打架】回顾1997年华语乐坛，首首都是神曲！,2022-03-30 18:59:56,哈这个也好听~,0.33333333333333337,neutral
【神仙打架】回顾1997年华语乐坛，首首都是神曲！,2022-03-30 18:59:41,神曲很爱！,0.832373504324142,positive
【神仙打架】回顾1997年华语乐坛，首首都是神曲！,2022-03-30 18:59:10,救命起来,0.8,positive
【神仙打架】回顾1997年华语乐坛，首首都是神曲！,2022-03-30 18:58:49,持续高能。。,0.43810951182234037,neutral
【神仙打架】回顾1997年华语乐坛，首首都是神曲！,2022-03-30 18:58:40,救命。。上来就王炸,0.9402362701457192,positive
【神仙打架】回顾1997年华语乐坛，首首都是神曲！,2022-03-29 22:40:32,好漂亮,0.9389688394024527,positive
【神仙打架】回顾1997年华语乐坛，首首都是神曲！,2022-03-28 23:28:14,跪下,0.47795503931718886,neutral
【神仙打架】回顾1997年华语乐坛，首首都是神曲！,2022-03-28 23:27:54,女神,0.7499999999999999,positive
【神仙打架】回顾1997年华语乐坛，首首都是神曲！,2022-03-28 23:26:05,神曲,0.5,neutral
【神仙打架】回顾1997年华语乐坛，首首都是神曲！,2022-03-28 23:24:15,王炸,0.8418879760491043,positive
【神仙打架】回顾1997年华语乐坛，首首都是神曲！,2022-03-28 00:42:45,尔康！是你吗？！,0.2176953887551023,negative
【神仙打架】回顾1997年华语乐坛，首首都是神曲！,2022-03-27 16:04:41,邰正宵,0.4737672181921908,neutral
【神仙打架】回顾1997年华语乐坛，首首都是神曲！,2022-03-27 01:35:21,2022王力宏塌房了,0.7904182616090067,positive
【神仙打架】回顾1997年华语乐坛，首首都是神曲！,2022-03-26 13:24:47,98年才是真正的巅峰,0.1331142553267517,negative
【神仙打架】回顾1997年华语乐坛，首首都是神曲！,2022-03-26 02:41:59,寻你也无敌,0.9848763670205551,positive
【神仙打架】回顾1997年华语乐坛，首首都是神曲！,2022-03-25 18:16:41,98年往后的歌曲就接近现在了,0.514882819449923,neutral
【神仙打架】回顾1997年华语乐坛，首首都是神曲！,2022-03-24 18:58:24,JYP,0.5,neutral
【神仙打架】回顾1997年华语乐坛，首首都是神曲！,2022-03-24 13:10:47,学友！,0.7499999999999999,positive
【神仙打架】回顾1997年华语乐坛，首首都是神曲！,2022-03-24 13:09:54,山鸡,0.7049500740810135,positive
【神仙打架】回顾1997年华语乐坛，首首都是神曲！,2022-03-24 13:09:38,谢霆锋！,0.6923786120385603,neutral
【神仙打架】回顾1997年华语乐坛，首首都是神曲！,2022-03-24 00:17:22,除了厨子的到现在都会,0.5527935526587134,neutral
【神仙打架】回顾1997年华语乐坛，首首都是神曲！,2022-03-24 00:14:48,3/4,0.8571428571428571,positive
【神仙打架】回顾1997年华语乐坛，首首都是神曲！,2022-03-24 00:14:31,神曲,0.5,neutral
【神仙打架】回顾1997年华语乐坛，首首都是神曲！,2022-03-24 00:14:24,3/3,0.5,neutral
【神仙打架】回顾1997年华语乐坛，首首都是神曲！,2022-03-24 00:14:13,2/2,0.5,neutral
【神仙打架】回顾1997年华语乐坛，首首都是神曲！,2022-03-23 18:40:29,出道了,0.5,neutral
【神仙打架】回顾1997年华语乐坛，首首都是神曲！,2022-03-23 18:39:38,早期,0.590909090909091,neutral
【神仙打架】回顾1997年华语乐坛，首首都是神曲！,2022-03-23 18:39:25,才子,0.33333333333333337,neutral
【神仙打架】回顾1997年华语乐坛，首首都是神曲！,2022-03-23 18:39:09,韩国的,0.220183486238532,negative
【神仙打架】回顾1997年华语乐坛，首首都是神曲！,2022-03-23 18:34:39,海珠格格,0.9462604621746071,positive
【神仙打架】回顾1997年华语乐坛，首首都是神曲！,2022-03-23 18:34:24,神曲,0.5,neutral
【神仙打架】回顾1997年华语乐坛，首首都是神曲！,2022-03-23 18:34:04,大伙,0.33333333333333337,neutral
【神仙打架】回顾1997年华语乐坛，首首都是神曲！,2022-03-22 21:18:31,那个时代，喜欢的实在太多,0.6471392018215733,neutral
【神仙打架】回顾1997年华语乐坛，首首都是神曲！,2022-03-22 01:46:07,什么，这个竟然不是任静和付笛生唱的,0.09571495803086272,negative
【神仙打架】回顾1997年华语乐坛，首首都是神曲！,2022-03-21 23:41:22,最爱,0.7790473730968941,positive
【神仙打架】回顾1997年华语乐坛，首首都是神曲！,2022-03-21 00:22:30,GIGI,0.5,neutral
【神仙打架】回顾1997年华语乐坛，首首都是神曲！,2022-03-20 22:36:13,广州好迪！,0.44519683193360093,neutral
【神仙打架】回顾1997年华语乐坛，首首都是神曲！,2022-03-20 18:45:27,这个真好听,0.33715818128822317,neutral
【神仙打架】回顾1997年华语乐坛，首首都是神曲！,2022-03-20 09:08:16,还有歌神,0.5,neutral
【神仙打架】回顾1997年华语乐坛，首首都是神曲！,2022-03-20 09:07:48,小刚,0.5,neutral
【神仙打架】回顾1997年华语乐坛，首首都是神曲！,2022-03-20 09:07:11,笨小孩,0.18283503941889157,negative
【神仙打架】回顾1997年华语乐坛，首首都是神曲！,2022-03-20 09:06:52,当   当   当,0.5262327818078083,neutral
【神仙打架】回顾1997年华语乐坛，首首都是神曲！,2022-03-20 09:06:12,伤心太平洋好好听,0.6205212904079529,neutral
【神仙打架】回顾1997年华语乐坛，首首都是神曲！,2022-03-20 09:06:00,当年这歌真就大街小巷,0.8561676684226871,positive
【神仙打架】回顾1997年华语乐坛，首首都是神曲！,2022-03-19 23:00:24,刘德华张学友快出来了,0.9838915721078557,positive
【神仙打架】回顾1997年华语乐坛，首首都是神曲！,2022-03-19 20:57:13,哈哈哈哈哈哈哈哈哈哈哈,0.9957269865929866,positive
【神仙打架】回顾1997年华语乐坛，首首都是神曲！,2022-03-19 20:29:12,这年我上小学6岁了,0.4214119547939701,neutral
【神仙打架】回顾1997年华语乐坛，首首都是神曲！,2022-03-19 15:14:36,好迪洗发水,0.13422618688757215,negative
【神仙打架】回顾1997年华语乐坛，首首都是神曲！,2022-03-19 13:22:25,讲声多谢乌蝇哥,0.7848834423144085,positive
【神仙打架】回顾1997年华语乐坛，首首都是神曲！,2022-03-19 12:51:37,宇哥开局必须有排面,0.44767845850986676,neutral
【神仙打架】回顾1997年华语乐坛，首首都是神曲！,2022-03-18 22:33:04,黄老师,0.7988334425459029,positive
【神仙打架】回顾1997年华语乐坛，首首都是神曲！,2022-03-18 22:31:47,哇哈哈,0.5262327818078083,neutral
【神仙打架】回顾1997年华语乐坛，首首都是神曲！,2022-03-18 22:31:33,个子高了就是不好,0.22618163807565306,negative
【神仙打架】回顾1997年华语乐坛，首首都是神曲！,2022-03-18 22:30:46,我爱黎明,0.8892573647438486,positive
【神仙打架】回顾1997年华语乐坛，首首都是神曲！,2022-03-18 22:28:14,我首次梦遗的对象,0.9269247920305137,positive
【神仙打架】回顾1997年华语乐坛，首首都是神曲！,2022-03-18 22:26:29,乌蝇哥,0.6000799053524193,neutral
【神仙打架】回顾1997年华语乐坛，首首都是神曲！,2022-03-18 22:21:27,啊……………,0.5,neutral
【神仙打架】回顾1997年华语乐坛，首首都是神曲！,2022-03-18 21:47:33,张惠妹，任贤齐，动力火车,0.42085432168013626,neutral
【神仙打架】回顾1997年华语乐坛，首首都是神曲！,2022-03-18 21:44:11,雨蝶，当,0.8780844279994069,positive
【神仙打架】回顾1997年华语乐坛，首首都是神曲！,2022-03-18 15:25:48,有100样可能的Leon,0.4007293612471228,neutral
【神仙打架】回顾1997年华语乐坛，首首都是神曲！,2022-03-18 15:25:36,表白Leon,0.26690094383344753,negative
【神仙打架】回顾1997年华语乐坛，首首都是神曲！,2022-03-18 15:06:09,我爱你黎明,0.8892573647438486,positive
【神仙打架】回顾1997年华语乐坛，首首都是神曲！,2022-03-18 15:05:32,黎明黎明黎明黎明黎明黎明,0.9976861729924174,positive
【神仙打架】回顾1997年华语乐坛，首首都是神曲！,2022-03-18 15:05:24,表白Leon,0.26690094383344753,negative
【神仙打架】回顾1997年华语乐坛，首首都是神曲！,2022-03-18 14:22:01,鲜橙多,0.07565353203396996,negative
【神仙打架】回顾1997年华语乐坛，首首都是神曲！,2022-03-18 10:06:35,曾经的女神,0.7499999999999999,positive
【神仙打架】回顾1997年华语乐坛，首首都是神曲！,2022-03-17 21:14:30,这首歌这么早?,0.8056194039648961,positive
【神仙打架】回顾1997年华语乐坛，首首都是神曲！,2022-03-16 23:35:59,改我了吧，哦～有一个笨小孩…,0.09473480987521765,negative
【神仙打架】回顾1997年华语乐坛，首首都是神曲！,2022-03-16 22:51:38,好迪真好,0.6357689371160968,neutral
【神仙打架】回顾1997年华语乐坛，首首都是神曲！,2022-03-15 22:04:55,98 还珠霸屏.....,0.06862189606944491,negative
【神仙打架】回顾1997年华语乐坛，首首都是神曲！,2022-03-15 17:38:45,我两岁了,0.5487130808498154,neutral
【神仙打架】回顾1997年华语乐坛，首首都是神曲！,2022-03-15 14:27:52,哇哈哈,0.5262327818078083,neutral
【神仙打架】回顾1997年华语乐坛，首首都是神曲！,2022-03-15 14:24:51,KTV一直唱了很多年,0.49213398441241574,neutral
【神仙打架】回顾1997年华语乐坛，首首都是神曲！,2022-03-15 14:21:05,李翊君是ost大户吧,0.8634684401475448,positive
【神仙打架】回顾1997年华语乐坛，首首都是神曲！,2022-03-15 14:20:26,神曲,0.5,neutral
【神仙打架】回顾1997年华语乐坛，首首都是神曲！,2022-03-15 01:23:18,张宇作曲吗，张宇太牛了吧,0.06377161375878937,negative
【神仙打架】回顾1997年华语乐坛，首首都是神曲！,2022-03-15 00:50:31,游鸿明！,0.5609885163185326,neutral
【神仙打架】回顾1997年华语乐坛，首首都是神曲！,2022-03-14 02:39:36,呀哈哈哈啊啊,0.9468817859652766,positive
【神仙打架】回顾1997年华语乐坛，首首都是神曲！,2022-03-14 00:13:46,抵达,0.5882352941176469,neutral
【神仙打架】回顾1997年华语乐坛，首首都是神曲！,2022-03-13 22:14:16,纯净水,0.3308966239680502,neutral
【神仙打架】回顾1997年华语乐坛，首首都是神曲！,2022-03-13 03:23:45,典,0.8627450980392156,positive
【神仙打架】回顾1997年华语乐坛，首首都是神曲！,2022-03-13 01:06:35,我三天了,0.30270709035615884,neutral
【神仙打架】回顾1997年华语乐坛，首首都是神曲！,2022-03-13 00:43:13,大师兄,0.7633737569297433,positive
【神仙打架】回顾1997年华语乐坛，首首都是神曲！,2022-03-13 00:41:17,跪下,0.47795503931718886,neutral
【神仙打架】回顾1997年华语乐坛，首首都是神曲！,2022-03-13 00:31:07,天后,0.5,neutral
【神仙打架】回顾1997年华语乐坛，首首都是神曲！,2022-03-12 17:18:56,天后驾到,0.5407187290010921,neutral
【神仙打架】回顾1997年华语乐坛，首首都是神曲！,2022-03-12 01:55:34,这一年全国发洪水，也是这一年，还珠格格火遍全国,0.566868666005339,neutral
【神仙打架】回顾1997年华语乐坛，首首都是神曲！,2022-03-12 01:48:40,好迪,0.5,neutral
【神仙打架】回顾1997年华语乐坛，首首都是神曲！,2022-03-11 19:43:27,相约98呢,0.07565353203396996,negative
【神仙打架】回顾1997年华语乐坛，首首都是神曲！,2022-03-11 16:57:21,98年最强，没有之一,0.18186927641617845,negative
【神仙打架】回顾1997年华语乐坛，首首都是神曲！,2022-03-10 19:07:42,相约98呢？,0.07565353203396996,negative
【神仙打架】回顾1997年华语乐坛，首首都是神曲！,2022-03-10 00:54:45,卧槽,0.5,neutral
【神仙打架】回顾1997年华语乐坛，首首都是神曲！,2022-03-09 23:25:28,广州好迪,0.44519683193360093,neutral
【神仙打架】回顾1997年华语乐坛，首首都是神曲！,2022-03-09 22:01:15,一会儿知心爱人要出来了吧,0.8991776608517072,positive
【神仙打架】回顾1997年华语乐坛，首首都是神曲！,2022-03-09 00:57:38,笨小孩,0.18283503941889157,negative
【神仙打架】回顾1997年华语乐坛，首首都是神曲！,2022-03-09 00:56:36,大家好才是真的好,0.7250629389789853,positive
【神仙打架】回顾1997年华语乐坛，首首都是神曲！,2022-03-08 23:03:28,王炸王炸王炸都是王炸，神仙打架,0.9997622881640901,positive
【神仙打架】回顾1997年华语乐坛，首首都是神曲！,2022-03-08 18:51:51,把我炸出来了,0.5454545454545455,neutral
【神仙打架】回顾1997年华语乐坛，首首都是神曲！,2022-03-08 15:16:16,又想起了强子，哈哈哈哈,0.9258287297190732,positive
【神仙打架】回顾1997年华语乐坛，首首都是神曲！,2022-03-08 15:13:50,哦，刻入记忆,0.8121672572508648,positive
【神仙打架】回顾1997年华语乐坛，首首都是神曲！,2022-03-07 23:52:10,地球最后的夜晚,0.9611019434116977,positive
【神仙打架】回顾1997年华语乐坛，首首都是神曲！,2022-03-07 03:31:35,我也是从这首认识他的,0.641509433962264,neutral
【神仙打架】回顾1997年华语乐坛，首首都是神曲！,2022-03-07 03:29:26,有多牛逼？我到现在也没觉出来,0.62801231376606,neutral
【神仙打架】回顾1997年华语乐坛，首首都是神曲！,2022-03-07 03:28:56,当年非常反感这剧，全国各省电视台都在播，我宁可关电视也不看,0.03718841327360256,negative
【神仙打架】回顾1997年华语乐坛，首首都是神曲！,2022-03-04 21:46:30,雷颂德绝配黎明,0.9857255638766953,positive
【神仙打架】回顾1997年华语乐坛，首首都是神曲！,2022-03-04 21:43:53,刚从英国回来,0.8066938831640301,positive
【神仙打架】回顾1997年华语乐坛，首首都是神曲！,2022-03-04 00:54:10,看到了滴答滴,0.1720219393215977,negative
【神仙打架】回顾1997年华语乐坛，首首都是神曲！,2022-02-27 23:12:29,伍佰?,0.5,neutral
【神仙打架】回顾1997年华语乐坛，首首都是神曲！,2022-02-27 23:09:06,华仔,0.7780115137513772,positive
【神仙打架】回顾1997年华语乐坛，首首都是神曲！,2022-02-27 23:03:49,梁咏琪!,0.6257464253152349,neutral
【神仙打架】回顾1997年华语乐坛，首首都是神曲！,2022-02-25 17:12:19,卧槽,0.5,neutral
【神仙打架】回顾1997年华语乐坛，首首都是神曲！,2022-02-25 00:33:11,盲才相约98,0.2515156294052622,negative
【神仙打架】回顾1997年华语乐坛，首首都是神曲！,2022-02-24 02:50:26,天王的神作,0.21803254987337495,negative
【神仙打架】回顾1997年华语乐坛，首首都是神曲！,2022-02-23 22:02:27,这么早？,0.5225225225225225,neutral
【神仙打架】回顾1997年华语乐坛，首首都是神曲！,2022-02-23 03:42:00,98年怎么回事,0.04239192264789282,negative
【神仙打架】回顾1997年华语乐坛，首首都是神曲！,2022-02-21 20:41:29,b不想独自快乐,0.9972048041160686,positive
【神仙打架】回顾1997年华语乐坛，首首都是神曲！,2022-02-21 17:00:03,张宇yyds,0.2367421413031563,negative
【神仙打架】回顾1997年华语乐坛，首首都是神曲！,2022-02-21 15:00:45,全体起立,0.32649808098307553,neutral
【神仙打架】回顾1997年华语乐坛，首首都是神曲！,2022-02-19 01:31:02,奶茶汉化组登场,0.9934247982134476,positive
【神仙打架】回顾1997年华语乐坛，首首都是神曲！,2022-02-19 01:26:10,金曲,0.5,neutral
【神仙打架】回顾1997年华语乐坛，首首都是神曲！,2022-02-17 21:48:24,我诞生了,0.8999999999999999,positive
【神仙打架】回顾1997年华语乐坛，首首都是神曲！,2022-02-17 21:32:19,姐出生咯,0.7248403332664425,positive
【神仙打架】回顾1997年华语乐坛，首首都是神曲！,2022-02-17 03:09:53,....,0.27272727272727293,negative
【神仙打架】回顾1997年华语乐坛，首首都是神曲！,2022-02-16 23:28:25,湖人总冠军,0.9668605703840113,positive
【神仙打架】回顾1997年华语乐坛，首首都是神曲！,2022-02-15 18:55:40,leon,0.5,neutral
【神仙打架】回顾1997年华语乐坛，首首都是神曲！,2022-02-14 09:52:20,好迪,0.5,neutral
【神仙打架】回顾1997年华语乐坛，首首都是神曲！,2022-02-13 23:11:58,齐哥！,0.5,neutral
【神仙打架】回顾1997年华语乐坛，首首都是神曲！,2022-02-12 20:59:31,这歌好啊,0.817523697738992,positive
【神仙打架】回顾1997年华语乐坛，首首都是神曲！,2022-02-12 20:56:28,这个算是国民神曲了吧,0.6605367887988315,neutral
【神仙打架】回顾1997年华语乐坛，首首都是神曲！,2022-02-12 17:02:37,初恋无限,0.9969577963539308,positive
【神仙打架】回顾1997年华语乐坛，首首都是神曲！,2022-02-12 15:43:34,以前的同学唱的：就这样被你征服，在床上任你摆布，你的动作很粗鲁，但我觉得很舒服,0.9926538829254653,positive
【神仙打架】回顾1997年华语乐坛，首首都是神曲！,2022-02-12 15:42:00,duang,0.5,neutral
【神仙打架】回顾1997年华语乐坛，首首都是神曲！,2022-02-11 00:35:43,98年简直是各路神仙大显神通的一年，,0.05059799199087189,negative
【神仙打架】回顾1997年华语乐坛，首首都是神曲！,2022-02-07 11:17:22,我出生了,0.7499999999999999,positive
【神仙打架】回顾1997年华语乐坛，首首都是神曲！,2022-02-06 17:38:34,广州好迪,0.44519683193360093,neutral
【神仙打架】回顾1997年华语乐坛，首首都是神曲！,2022-02-05 22:40:12,更健康是另一对啊,0.838405907627314,positive
【神仙打架】回顾1997年华语乐坛，首首都是神曲！,2022-02-05 22:39:25,老天爱笨小孩,0.24442983499031934,negative
【神仙打架】回顾1997年华语乐坛，首首都是神曲！,2022-02-05 14:53:59,林大仙,0.7122984518944279,positive
【神仙打架】回顾1997年华语乐坛，首首都是神曲！,2022-02-04 22:29:22,炸,0.5454545454545455,neutral
【神仙打架】回顾1997年华语乐坛，首首都是神曲！,2022-02-04 22:27:51,洗脑,0.4166666666666664,neutral
【神仙打架】回顾1997年华语乐坛，首首都是神曲！,2022-02-04 22:26:29,跪下唱征服！,0.9337731030918903,positive
【神仙打架】回顾1997年华语乐坛，首首都是神曲！,2022-02-04 22:25:45,大魔王,0.5,neutral
【神仙打架】回顾1997年华语乐坛，首首都是神曲！,2022-02-04 22:25:30,我愿意为你,0.5262327818078083,neutral
【神仙打架】回顾1997年华语乐坛，首首都是神曲！,2022-02-04 22:24:30,神曲,0.5,neutral
【神仙打架】回顾1997年华语乐坛，首首都是神曲！,2022-02-04 22:23:26,王炸！,0.8418879760491043,positive
【神仙打架】回顾1997年华语乐坛，首首都是神曲！,2022-02-04 22:23:03,起立！,0.5,neutral
【神仙打架】回顾1997年华语乐坛，首首都是神曲！,2022-02-04 22:22:43,山鸡,0.7049500740810135,positive
【神仙打架】回顾1997年华语乐坛，首首都是神曲！,2022-02-04 22:22:26,好迪真好 大家好才是真的好,0.8056103332298924,positive
【神仙打架】回顾1997年华语乐坛，首首都是神曲！,2022-02-04 22:22:16,洗脑神曲,0.20591411267114546,negative
【神仙打架】回顾1997年华语乐坛，首首都是神曲！,2022-02-04 22:21:37,那还相约98么,0.09054267873386346,negative
【神仙打架】回顾1997年华语乐坛，首首都是神曲！,2022-02-04 22:21:09,改的日本歌,0.7951073556210678,positive
【神仙打架】回顾1997年华语乐坛，首首都是神曲！,2022-02-04 22:20:43,不苦了 还有点霸气,0.7666481960572511,positive
【神仙打架】回顾1997年华语乐坛，首首都是神曲！,2022-02-04 22:20:18,？？？？,0.15789473684210542,negative
【神仙打架】回顾1997年华语乐坛，首首都是神曲！,2022-02-04 20:39:41,这个片段，我记了好多年,0.9172655453155313,positive
【神仙打架】回顾1997年华语乐坛，首首都是神曲！,2022-02-04 03:22:06,jyp honey?,0.4737672181921908,neutral
【神仙打架】回顾1997年华语乐坛，首首都是神曲！,2022-02-03 22:22:26,小黑那时候还在,0.5658367456186085,neutral
【神仙打架】回顾1997年华语乐坛，首首都是神曲！,2022-02-03 17:55:19,也是日语歌翻唱,0.9660844787949445,positive
【神仙打架】回顾1997年华语乐坛，首首都是神曲！,2022-02-01 19:52:29,哭,0.7049180327868854,positive
【神仙打架】回顾1997年华语乐坛，首首都是神曲！,2022-01-31 23:08:09,这司机是古巨基吗,0.07281976234297283,negative
【神仙打架】回顾1997年华语乐坛，首首都是神曲！,2022-01-31 21:37:26,伤心太平洋在街头起码放了半年,0.34376485658346845,neutral
【神仙打架】回顾1997年华语乐坛，首首都是神曲！,2022-01-30 21:49:58,那会他还没留胡子,0.8985290176855408,positive
【神仙打架】回顾1997年华语乐坛，首首都是神曲！,2022-01-29 23:39:32,游鸿明,0.5609885163185326,neutral
【神仙打架】回顾1997年华语乐坛，首首都是神曲！,2022-01-28 23:36:26,嫖娼,0.5,neutral
【神仙打架】回顾1997年华语乐坛，首首都是神曲！,2022-01-28 22:35:58,卧槽……这竟然是98年的,0.034108964784448914,negative
【神仙打架】回顾1997年华语乐坛，首首都是神曲！,2022-01-28 20:11:01,范晓萱太美了，女生敢剃寸头就知道颜值多高,0.6838533938200313,neutral
【神仙打架】回顾1997年华语乐坛，首首都是神曲！,2022-01-28 18:02:42,这两年小齐无敌,0.8902017315326379,positive
【神仙打架】回顾1997年华语乐坛，首首都是神曲！,2022-01-28 12:31:18,、、,0.7000000000000001,positive
【神仙打架】回顾1997年华语乐坛，首首都是神曲！,2022-01-27 21:37:49,我还没出生，都听过正常吗,0.7205548713237941,positive
【神仙打架】回顾1997年华语乐坛，首首都是神曲！,2022-01-27 18:17:39,飘柔,0.7500624229391235,positive
【神仙打架】回顾1997年华语乐坛，首首都是神曲！,2022-01-27 17:19:26,没听过,0.41512888348790655,neutral
【神仙打架】回顾1997年华语乐坛，首首都是神曲！,2022-01-27 17:18:46,YUKI  YUKI  YUKI  YUKI  YUKI  YUKI  YUKI  YUKI  YUKI  YUKI  YUKI  YUKI  YUKI  YUKI  YUKI  YUKI,0.17144602564591438,negative
【神仙打架】回顾1997年华语乐坛，首首都是神曲！,2022-01-27 17:18:27,kenny G,0.6000799053524202,neutral
【神仙打架】回顾1997年华语乐坛，首首都是神曲！,2022-01-27 17:17:46,最喜欢这个时候的阿妹,0.7130464789185268,positive
【神仙打架】回顾1997年华语乐坛，首首都是神曲！,2022-01-24 23:53:52,GIGIQ,0.5,neutral
【神仙打架】回顾1997年华语乐坛，首首都是神曲！,2022-01-24 23:50:39,好迪真好,0.6357689371160968,neutral
【神仙打架】回顾1997年华语乐坛，首首都是神曲！,2022-01-24 19:38:32,翊,0.5,neutral
【神仙打架】回顾1997年华语乐坛，首首都是神曲！,2022-01-21 22:08:43,我初中音乐老师说这首歌是垃圾,0.7732582283745507,positive
【神仙打架】回顾1997年华语乐坛，首首都是神曲！,2022-01-20 22:06:47,在谢谢你的爱1999之前，谢顶多在粤语区有名气,0.8224864430399638,positive
【神仙打架】回顾1997年华语乐坛，首首都是神曲！,2022-01-20 15:51:06,谢霆锋主要是千禧年,0.6897355178594862,neutral
【神仙打架】回顾1997年华语乐坛，首首都是神曲！,2022-01-20 15:50:53,谢霆锋不行,0.4180414110697004,neutral
【神仙打架】回顾1997年华语乐坛，首首都是神曲！,2022-01-20 15:50:04,全体起立,0.32649808098307553,neutral
【神仙打架】回顾1997年华语乐坛，首首都是神曲！,2022-01-19 11:51:52,黄磊老师,0.9147142221043263,positive
【神仙打架】回顾1997年华语乐坛，首首都是神曲！,2022-01-18 22:46:38,白醋？？？,0.08355217298770456,negative
【神仙打架】回顾1997年华语乐坛，首首都是神曲！,2022-01-18 22:00:12,我爱黎明,0.8892573647438486,positive
【神仙打架】回顾1997年华语乐坛，首首都是神曲！,2022-01-18 21:58:29,小刚,0.5,neutral
【神仙打架】回顾1997年华语乐坛，首首都是神曲！,2022-01-18 21:54:38,好迪着哩水,0.31469921568721015,neutral
【神仙打架】回顾1997年华语乐坛，首首都是神曲！,2022-01-18 21:54:19,王菲 谢霆锋,0.9829935445844673,positive
【神仙打架】回顾1997年华语乐坛，首首都是神曲！,2022-01-18 19:45:06,天王来了,0.5,neutral
【神仙打架】回顾1997年华语乐坛，首首都是神曲！,2022-01-18 19:42:31,这个是神曲！梁咏琪超美,0.983969088185825,positive
【神仙打架】回顾1997年华语乐坛，首首都是神曲！,2022-01-18 19:40:46,铁肺女王,0.9683232754191594,positive
【神仙打架】回顾1997年华语乐坛，首首都是神曲！,2022-01-18 12:36:57,好人好梦,0.9679511289341151,positive
【神仙打架】回顾1997年华语乐坛，首首都是神曲！,2022-01-18 01:17:34,这首歌和汪佩蓉的一首歌当时V音乐台天天播,0.9387663754199627,positive
【神仙打架】回顾1997年华语乐坛，首首都是神曲！,2022-01-18 01:16:03,98年不是真爱无敌,0.5712543248429122,neutral
【神仙打架】回顾1997年华语乐坛，首首都是神曲！,2022-01-18 01:15:20,我偶像来了。98年探家买她的专辑我们这都不知道她,0.7966086321766744,positive
【神仙打架】回顾1997年华语乐坛，首首都是神曲！,2022-01-16 18:48:04,广告曲都好听，没谁了,0.11019410326595536,negative
【神仙打架】回顾1997年华语乐坛，首首都是神曲！,2022-01-16 18:42:00,暑假必备,0.8630530555797126,positive
【神仙打架】回顾1997年华语乐坛，首首都是神曲！,2022-01-16 18:40:18,全是人才,0.6319105824680161,neutral
【神仙打架】回顾1997年华语乐坛，首首都是神曲！,2022-01-16 05:51:42,我才8岁啊,0.4119377377422546,neutral
【神仙打架】回顾1997年华语乐坛，首首都是神曲！,2022-01-15 00:36:15,属于任贤齐的年代,0.5780747692245183,neutral
【神仙打架】回顾1997年华语乐坛，首首都是神曲！,2022-01-14 20:29:36,老燕子,0.5197943791213149,neutral
【神仙打架】回顾1997年华语乐坛，首首都是神曲！,2022-01-08 14:07:31,我有磁带,0.7499999999999999,positive
【神仙打架】回顾1997年华语乐坛，首首都是神曲！,2022-01-07 15:08:07,小乌龟,0.4570627216366542,neutral
【神仙打架】回顾1997年华语乐坛，首首都是神曲！,2022-01-03 14:16:05,从91年看过来，哥哥的歌太少了,0.972170805907602,positive
【神仙打架】回顾1997年华语乐坛，首首都是神曲！,2022-01-03 00:57:22,没有网络的时代 我们才可以静静的听歌,0.9469360136200881,positive
【神仙打架】回顾1997年华语乐坛，首首都是神曲！,2022-01-02 23:49:27,好迪真好，广州好迪,0.5577220712441829,neutral
【神仙打架】回顾1997年华语乐坛，首首都是神曲！,2021-12-31 22:23:15,全体起立,0.32649808098307553,neutral
【神仙打架】回顾1997年华语乐坛，首首都是神曲！,2021-12-31 22:23:08,全体起立,0.32649808098307553,neutral
【神仙打架】回顾1997年华语乐坛，首首都是神曲！,2021-12-31 22:23:03,全体起立,0.32649808098307553,neutral
【神仙打架】回顾1997年华语乐坛，首首都是神曲！,2021-12-31 22:22:16,王菲王菲王菲王菲王菲,0.9999999193993859,positive
【神仙打架】回顾1997年华语乐坛，首首都是神曲！,2021-12-30 21:27:37,乌蝇哥,0.6000799053524193,neutral
【神仙打架】回顾1997年华语乐坛，首首都是神曲！,2021-12-30 21:27:16,黎明,0.7499999999999999,positive
【神仙打架】回顾1997年华语乐坛，首首都是神曲！,2021-12-30 21:24:31,玛德，这首 好早啊,0.7186339591437517,positive
【神仙打架】回顾1997年华语乐坛，首首都是神曲！,2021-12-30 21:21:48,呢道甘嘿早个，我以为2000年发行,0.46937131359446993,neutral
【神仙打架】回顾1997年华语乐坛，首首都是神曲！,2021-12-30 21:20:48,98年我初二了,0.38595079519848097,neutral
【神仙打架】回顾1997年华语乐坛，首首都是神曲！,2021-12-29 21:37:04,我爸QQ网名就是月亮惹的祸,0.8470827457784001,positive
【神仙打架】回顾1997年华语乐坛，首首都是神曲！,2021-12-29 12:07:09,出生出生,0.7990163595051725,positive
【神仙打架】回顾1997年华语乐坛，首首都是神曲！,2021-12-27 13:36:18,这年5岁,0.22036475417618917,negative
【神仙打架】回顾1997年华语乐坛，首首都是神曲！,2021-12-26 20:00:37,被资本害了,0.8216828512554541,positive
【神仙打架】回顾1997年华语乐坛，首首都是神曲！,2021-12-26 19:59:54,脖子扭扭，屁股扭扭,0.5530458105898829,neutral
【神仙打架】回顾1997年华语乐坛，首首都是神曲！,2021-12-25 12:33:49,这一年我上初二了...........,0.618180773360953,neutral
【神仙打架】回顾1997年华语乐坛，首首都是神曲！,2021-12-23 22:59:07,喜欢看你紧紧皱眉，叫我当小乌龟！,0.8461579984946968,positive
【神仙打架】回顾1997年华语乐坛，首首都是神曲！,2021-12-20 07:03:24,这么早。。。,0.48063717270969064,neutral
【神仙打架】回顾1997年华语乐坛，首首都是神曲！,2021-12-19 21:31:49,黎明不是张国荣,0.4009004433851244,neutral
【神仙打架】回顾1997年华语乐坛，首首都是神曲！,2021-12-19 21:28:09,大家好，肾才好,0.6266170774579232,neutral
【神仙打架】回顾1997年华语乐坛，首首都是神曲！,2021-12-18 18:03:07,张柏芝的星语星愿还要早？,0.5521019923347537,neutral
【神仙打架】回顾1997年华语乐坛，首首都是神曲！,2021-12-18 15:15:56,最喜欢这首,0.8164004412219571,positive
【神仙打架】回顾1997年华语乐坛，首首都是神曲！,2021-12-18 15:11:15,学友学友！,0.890142453148024,positive
【神仙打架】回顾1997年华语乐坛，首首都是神曲！,2021-12-18 15:10:45,我靠这太熟悉了,0.586014049742576,neutral
【神仙打架】回顾1997年华语乐坛，首首都是神曲！,2021-12-18 15:09:28,小壆天天听,0.7744393426272147,positive
【神仙打架】回顾1997年华语乐坛，首首都是神曲！,2021-12-18 03:41:31,还不油腻的文艺青年黄磊,0.7218445079684264,positive
【神仙打架】回顾1997年华语乐坛，首首都是神曲！,2021-12-16 22:57:06,小齐哥的时代,0.81041105668376,positive
【神仙打架】回顾1997年华语乐坛，首首都是神曲！,2021-12-16 22:17:36,小刚yyds,0.4737672181921908,neutral
【神仙打架】回顾1997年华语乐坛，首首都是神曲！,2021-12-16 22:17:03,垃圾,0.12698412698412687,negative
【神仙打架】回顾1997年华语乐坛，首首都是神曲！,2021-12-16 22:15:06,小刚yyds,0.4737672181921908,neutral
【神仙打架】回顾1997年华语乐坛，首首都是神曲！,2021-12-13 22:02:17,动力火车啊,0.5723713374981776,neutral
【神仙打架】回顾1997年华语乐坛，首首都是神曲！,2021-12-12 13:40:22,黄磊作为歌手是在台湾出的道,0.967368051650004,positive
【神仙打架】回顾1997年华语乐坛，首首都是神曲！,2021-12-11 08:40:54,作词&作曲：谢霆锋,0.9672816055435003,positive
【神仙打架】回顾1997年华语乐坛，首首都是神曲！,2021-12-11 08:38:29,小谢！！（是18岁的嫩柠檬～,0.9330750525372086,positive
【神仙打架】回顾1997年华语乐坛，首首都是神曲！,2021-12-08 00:26:24,天呀。。我初中放学了，电视上就播这首歌,0.8818506834994196,positive
【神仙打架】回顾1997年华语乐坛，首首都是神曲！,2021-12-05 23:43:09,超爱这首,0.617014165592806,neutral
【神仙打架】回顾1997年华语乐坛，首首都是神曲！,2021-12-05 22:13:07,大燕子，交税啦,0.10664940944207313,negative
【神仙打架】回顾1997年华语乐坛，首首都是神曲！,2021-12-05 22:12:24,李玟的身材，啧啧,0.55294613260711,neutral
【神仙打架】回顾1997年华语乐坛，首首都是神曲！,2021-12-05 03:31:44,被抓了,0.4722222222222221,neutral
【神仙打架】回顾1997年华语乐坛，首首都是神曲！,2021-12-05 03:29:37,四大天王隐退开始了，实现百花争鸣,0.5058992991399376,neutral
【神仙打架】回顾1997年华语乐坛，首首都是神曲！,2021-12-05 03:28:51,范晓萱转型,0.7783854000859206,positive
【神仙打架】回顾1997年华语乐坛，首首都是神曲！,2021-12-05 03:26:16,铁肺,0.8946097089669821,positive
【神仙打架】回顾1997年华语乐坛，首首都是神曲！,2021-12-05 03:25:32,飞跃黄河,0.3865820190675623,neutral
【神仙打架】回顾1997年华语乐坛，首首都是神曲！,2021-12-05 03:24:53,封杀了,0.19999999999999996,negative
【神仙打架】回顾1997年华语乐坛，首首都是神曲！,2021-12-04 16:42:45,这不是风云雄霸天下的那个吗,0.302985322867411,neutral
【神仙打架】回顾1997年华语乐坛，首首都是神曲！,2021-11-29 21:05:57,我出生了,0.7499999999999999,positive
【神仙打架】回顾1997年华语乐坛，首首都是神曲！,2021-11-26 20:01:32,爷青回,0.3594616674314972,neutral
【神仙打架】回顾1997年华语乐坛，首首都是神曲！,2021-11-26 20:01:07,炸裂！,0.5,neutral
【神仙打架】回顾1997年华语乐坛，首首都是神曲！,2021-11-26 15:38:16,跪下唱,0.8392370218911833,positive
【神仙打架】回顾1997年华语乐坛，首首都是神曲！,2021-11-24 19:04:34,98年我出生了,0.21220869113807306,negative
【神仙打架】回顾1997年华语乐坛，首首都是神曲！,2021-11-24 13:35:15,我出生啦！,0.7499999999999999,positive
【神仙打架】回顾1997年华语乐坛，首首都是神曲！,2021-11-23 22:35:19,啊啊啊啊啊啊霆锋,0.9779472265824891,positive
【神仙打架】回顾1997年华语乐坛，首首都是神曲！,2021-11-23 22:34:29,快把那英炸出来了,0.5220909056814657,neutral
【神仙打架】回顾1997年华语乐坛，首首都是神曲！,2021-11-23 22:33:42,我一岁,0.6216216216216218,neutral
【神仙打架】回顾1997年华语乐坛，首首都是神曲！,2021-11-22 01:42:37,我齐哥,0.6000799053524193,neutral
【神仙打架】回顾1997年华语乐坛，首首都是神曲！,2021-11-21 16:07:54,好听,0.33333333333333337,neutral
【神仙打架】回顾1997年华语乐坛，首首都是神曲！,2021-11-20 21:41:11,亲亲我的宝贝,0.7870513239697398,positive
【神仙打架】回顾1997年华语乐坛，首首都是神曲！,2021-11-20 13:10:46,文青,0.8230203447731678,positive
【神仙打架】回顾1997年华语乐坛，首首都是神曲！,2021-11-20 13:10:10,可惜了,0.5798611111111113,neutral
【神仙打架】回顾1997年华语乐坛，首首都是神曲！,2021-11-20 13:09:47,二哥来了,0.4613523955195139,neutral
【神仙打架】回顾1997年华语乐坛，首首都是神曲！,2021-11-20 13:09:34,游鸿明啊 啊啊啊啊啊,0.9031166729145851,positive
【神仙打架】回顾1997年华语乐坛，首首都是神曲！,2021-11-20 13:08:48,这磁带买了,0.7366006519128732,positive
【神仙打架】回顾1997年华语乐坛，首首都是神曲！,2021-11-20 13:08:09,龙在江湖,0.9322703487667651,positive
【神仙打架】回顾1997年华语乐坛，首首都是神曲！,2021-11-20 13:07:49,范晓萱,0.5652992109019419,neutral
【神仙打架】回顾1997年华语乐坛，首首都是神曲！,2021-11-20 13:07:37,周传雄,0.4696818957039105,neutral
【神仙打架】回顾1997年华语乐坛，首首都是神曲！,2021-11-20 13:07:17,阿妹,0.5,neutral
【神仙打架】回顾1997年华语乐坛，首首都是神曲！,2021-11-20 13:06:41,凹凸啊,0.054187310861200655,negative
【神仙打架】回顾1997年华语乐坛，首首都是神曲！,2021-11-20 13:06:22,林大仙来 了,0.7122984518944279,positive
【神仙打架】回顾1997年华语乐坛，首首都是神曲！,2021-11-20 13:06:11,KURORO汉化组来了,0.4737672181921908,neutral
【神仙打架】回顾1997年华语乐坛，首首都是神曲！,2021-11-20 13:05:21,风云,0.8,positive
【神仙打架】回顾1997年华语乐坛，首首都是神曲！,2021-11-20 13:05:01,周传雄YYDS,0.44362844943481494,neutral
【神仙打架】回顾1997年华语乐坛，首首都是神曲！,2021-11-20 13:04:27,神曲啊,0.5,neutral
【神仙打架】回顾1997年华语乐坛，首首都是神曲！,2021-11-20 13:04:10,动力火车,0.5723713374981776,neutral
【神仙打架】回顾1997年华语乐坛，首首都是神曲！,2021-11-20 13:03:55,山鸡哥,0.5443420056418066,neutral
【神仙打架】回顾1997年华语乐坛，首首都是神曲！,2021-11-20 13:03:13,天后离婚了 天后红透了,0.9387416269604267,positive
【神仙打架】回顾1997年华语乐坛，首首都是神曲！,2021-11-20 13:02:50,中岛美雪YYDS,0.44767845850986676,neutral
【神仙打架】回顾1997年华语乐坛，首首都是神曲！,2021-11-20 11:29:04,首首经典,0.7410444709750486,positive
【神仙打架】回顾1997年华语乐坛，首首都是神曲！,2021-11-20 11:27:16,巅峰时代,0.9269765219511256,positive
【神仙打架】回顾1997年华语乐坛，首首都是神曲！,2021-11-17 23:37:55,低了,0.4028629856850714,neutral
【神仙打架】回顾1997年华语乐坛，首首都是神曲！,2021-11-17 23:37:41,这么早嘛,0.5225225225225225,neutral
【神仙打架】回顾1997年华语乐坛，首首都是神曲！,2021-11-17 00:30:08,8岁,0.5513373772684219,neutral
【神仙打架】回顾1997年华语乐坛，首首都是神曲！,2021-11-14 22:13:38,顶,0.549019607843137,neutral
【神仙打架】回顾1997年华语乐坛，首首都是神曲！,2021-11-14 22:08:00,饮歌,0.5993513562608597,neutral
【神仙打架】回顾1997年华语乐坛，首首都是神曲！,2021-11-14 20:40:19,巅峰对决,0.4737672181921917,neutral
【神仙打架】回顾1997年华语乐坛，首首都是神曲！,2021-11-12 16:02:54,这好像是02年的,0.20088484877472612,negative
【神仙打架】回顾1997年华语乐坛，首首都是神曲！,2021-11-12 16:01:55,左手哥,0.5334161999825523,neutral
【神仙打架】回顾1997年华语乐坛，首首都是神曲！,2021-11-12 15:58:17,初一,0.8333333333333333,positive
【神仙打架】回顾1997年华语乐坛，首首都是神曲！,2021-11-11 22:54:37,黄磊？？？？？？,0.1287713210491649,negative
【神仙打架】回顾1997年华语乐坛，首首都是神曲！,2021-11-11 22:49:15,卧槽全体起立,0.30383660135063284,neutral
【神仙打架】回顾1997年华语乐坛，首首都是神曲！,2021-11-11 22:48:19,我就想问下在座的各位有多少人名字叫雨蝶。。。。。。,0.4967584440497852,neutral
【神仙打架】回顾1997年华语乐坛，首首都是神曲！,2021-11-11 22:46:51,卧槽，全体起立,0.30383660135063284,neutral
【神仙打架】回顾1997年华语乐坛，首首都是神曲！,2021-11-11 22:46:24,广州好滴！！！！,0.2987556977142475,negative
【神仙打架】回顾1997年华语乐坛，首首都是神曲！,2021-11-08 14:36:31,kelly,0.5,neutral
【神仙打架】回顾1997年华语乐坛，首首都是神曲！,2021-11-08 14:35:21,上高中了,0.6044749600407466,neutral
【神仙打架】回顾1997年华语乐坛，首首都是神曲！,2021-11-07 22:15:13,我在上大学，哈哈刚赶上，羡慕吧,0.997193221841611,positive
【神仙打架】回顾1997年华语乐坛，首首都是神曲！,2021-11-07 22:12:40,笨蛋，你们生的太晚了,0.37928747327604284,neutral
【神仙打架】回顾1997年华语乐坛，首首都是神曲！,2021-11-07 22:12:35,乌蝇哥,0.6000799053524193,neutral
【神仙打架】回顾1997年华语乐坛，首首都是神曲！,2021-11-07 22:11:04,乌蝇哥,0.6000799053524193,neutral
【神仙打架】回顾1997年华语乐坛，首首都是神曲！,2021-11-07 22:10:52,七岁的我就在台下,0.8939944812490501,positive
【神仙打架】回顾1997年华语乐坛，首首都是神曲！,2021-11-07 22:09:53,天王,0.5,neutral
【神仙打架】回顾1997年华语乐坛，首首都是神曲！,2021-11-07 22:09:47,华仔华仔,0.7593443410148254,positive
【神仙打架】回顾1997年华语乐坛，首首都是神曲！,2021-11-07 22:08:59,天后,0.5,neutral
【神仙打架】回顾1997年华语乐坛，首首都是神曲！,2021-11-07 16:27:32,童年女神GiGi,0.9672418970012407,positive
【神仙打架】回顾1997年华语乐坛，首首都是神曲！,2021-11-06 00:37:47,多谢乌蝇哥,0.8020859269935722,positive
【神仙打架】回顾1997年华语乐坛，首首都是神曲！,2021-11-06 00:37:40,多谢乌蝇哥,0.8020859269935722,positive
【神仙打架】回顾1997年华语乐坛，首首都是神曲！,2021-11-06 00:37:34,大师兄,0.7633737569297433,positive
【神仙打架】回顾1997年华语乐坛，首首都是神曲！,2021-11-06 00:37:03,卧槽,0.5,neutral
【神仙打架】回顾1997年华语乐坛，首首都是神曲！,2021-11-06 00:32:40,动力火锅,0.6553961836702552,neutral
【神仙打架】回顾1997年华语乐坛，首首都是神曲！,2021-11-04 17:33:44,这个MTV我记得很黄,0.7693138365852074,positive
【神仙打架】回顾1997年华语乐坛，首首都是神曲！,2021-11-04 11:14:23,大猩猩的Honey,0.4018433637803591,neutral
【神仙打架】回顾1997年华语乐坛，首首都是神曲！,2021-10-31 15:31:44,辣阴,0.5506441826940229,neutral
【神仙打架】回顾1997年华语乐坛，首首都是神曲！,2021-10-31 15:28:19,好迪真好,0.6357689371160968,neutral
【神仙打架】回顾1997年华语乐坛，首首都是神曲！,2021-10-29 15:27:50,出来了！JYP作品,0.7109477110457205,positive
【神仙打架】回顾1997年华语乐坛，首首都是神曲！,2021-10-28 15:46:51,98年初二,0.07565353203396996,negative
【神仙打架】回顾1997年华语乐坛，首首都是神曲！,2021-10-28 00:17:44,唱征服,0.9447687573729626,positive
【神仙打架】回顾1997年华语乐坛，首首都是神曲！,2021-10-28 00:17:27,喜欢这歌,0.8454657259752856,positive
【神仙打架】回顾1997年华语乐坛，首首都是神曲！,2021-10-28 00:16:57,KIRORO汉化组,0.6541299100987479,neutral
【神仙打架】回顾1997年华语乐坛，首首都是神曲！,2021-10-28 00:16:36,妇炎洁,0.36659314554204503,neutral
【神仙打架】回顾1997年华语乐坛，首首都是神曲！,2021-10-28 00:16:18,婚礼神曲,0.5003731564183598,neutral
【神仙打架】回顾1997年华语乐坛，首首都是神曲！,2021-10-28 00:15:47,小刚的歌,0.7015622526298516,positive
【神仙打架】回顾1997年华语乐坛，首首都是神曲！,2021-10-28 00:14:27,好迪真好,0.6357689371160968,neutral
【神仙打架】回顾1997年华语乐坛，首首都是神曲！,2021-10-25 16:54:08,这歌一响，想起小时候下雨天去别人家吃席了,0.35963352746165567,neutral
【神仙打架】回顾1997年华语乐坛，首首都是神曲！,2021-10-25 16:41:08,当年买磁带的 但是都没了 5555,0.7735962045302737,positive
【神仙打架】回顾1997年华语乐坛，首首都是神曲！,2021-10-22 21:54:09,这首歌真的牛,0.707379766747028,positive
【神仙打架】回顾1997年华语乐坛，首首都是神曲！,2021-10-20 02:45:15,有没人跟我一样是倒着年份看的,0.3377760458731166,neutral
【神仙打架】回顾1997年华语乐坛，首首都是神曲！,2021-10-19 21:13:10,游鸿明的红糖水好听,0.11235222076846363,negative
【神仙打架】回顾1997年华语乐坛，首首都是神曲！,2021-10-19 21:07:29,98-2021还是单身。、。。,0.2473545889869655,negative
【神仙打架】回顾1997年华语乐坛，首首都是神曲！,2021-10-19 21:06:29,盲猜笨小孩,0.7361505969137956,positive
【神仙打架】回顾1997年华语乐坛，首首都是神曲！,2021-10-12 02:09:14,为什么现在的没有这种歌曲了,0.8333333333333333,positive
【神仙打架】回顾1997年华语乐坛，首首都是神曲！,2021-10-12 02:07:48,KTV必点,0.07565353203397007,negative
【神仙打架】回顾1997年华语乐坛，首首都是神曲！,2021-10-12 02:06:47,当年一直唱不上去的歌,0.9513219424541937,positive
【神仙打架】回顾1997年华语乐坛，首首都是神曲！,2021-10-12 02:06:11,KTV必点,0.07565353203397007,negative
【神仙打架】回顾1997年华语乐坛，首首都是神曲！,2021-10-08 22:49:56,那一年夕阳下的奔跑，那是我逝去的青春,0.9998922692113648,positive
【神仙打架】回顾1997年华语乐坛，首首都是神曲！,2021-10-04 17:08:30,华仔,0.7780115137513772,positive
【神仙打架】回顾1997年华语乐坛，首首都是神曲！,2021-10-02 23:35:18,哭了！！！！,0.390481316334079,neutral
【神仙打架】回顾1997年华语乐坛，首首都是神曲！,2021-09-30 23:11:40,。。,0.47680412371133973,neutral
【神仙打架】回顾1997年华语乐坛，首首都是神曲！,2021-09-30 23:10:27,卧槽,0.5,neutral
【神仙打架】回顾1997年华语乐坛，首首都是神曲！,2021-09-28 15:13:32,他的时代来了,0.8245614035087722,positive
【神仙打架】回顾1997年华语乐坛，首首都是神曲！,2021-09-28 15:07:45,都给我dida起来,0.525113168663767,neutral
【神仙打架】回顾1997年华语乐坛，首首都是神曲！,2021-09-24 21:41:10,任贤齐很帅，那时候觉得这种样子酷酷的。,0.7414694282058459,positive
【神仙打架】回顾1997年华语乐坛，首首都是神曲！,2021-09-22 19:32:55,第一神曲,0.647723579183189,neutral
【神仙打架】回顾1997年华语乐坛，首首都是神曲！,2021-09-22 19:32:49,第一神曲,0.647723579183189,neutral
【神仙打架】回顾1997年华语乐坛，首首都是神曲！,2021-09-20 17:19:39,音容宛在,0.5,neutral
【神仙打架】回顾1997年华语乐坛，首首都是神曲！,2021-09-17 19:25:56,111111,0.5,neutral
【神仙打架】回顾1997年华语乐坛，首首都是神曲！,2021-09-15 19:22:09,容嬷嬷扎的都是坏人。,0.9874146700575612,positive
【神仙打架】回顾1997年华语乐坛，首首都是神曲！,2021-09-14 20:34:53,我初中,0.5084745762711864,neutral
【神仙打架】回顾1997年华语乐坛，首首都是神曲！,2021-09-14 20:32:20,黎明的呢？,0.7499999999999999,positive
【神仙打架】回顾1997年华语乐坛，首首都是神曲！,2021-09-12 19:44:21,全都是经典啊,0.5886184649818237,neutral
【神仙打架】回顾1997年华语乐坛，首首都是神曲！,2021-09-06 22:52:11,98狂打2005,0.08540255429241572,negative
【神仙打架】回顾1997年华语乐坛，首首都是神曲！,2021-09-06 22:48:27,五阿哥永琪,0.9029214944881548,positive
【神仙打架】回顾1997年华语乐坛，首首都是神曲！,2021-09-06 04:02:32,我爱黎明,0.8892573647438486,positive
【神仙打架】回顾1997年华语乐坛，首首都是神曲！,2021-09-05 13:29:16,我出生啦,0.7499999999999999,positive
【神仙打架】回顾1997年华语乐坛，首首都是神曲！,2021-09-04 22:16:05,出生了,0.7499999999999999,positive
【神仙打架】回顾1997年华语乐坛，首首都是神曲！,2021-08-25 20:20:19,我2岁了,0.4220768078285534,neutral
【神仙打架】回顾1997年华语乐坛，首首都是神曲！,2021-08-21 19:18:47,我爱黎明,0.8892573647438486,positive
【神仙打架】回顾1997年华语乐坛，首首都是神曲！,2021-08-21 17:27:55,没听过-。-,0.3898768171120739,neutral
【神仙打架】回顾1997年华语乐坛，首首都是神曲！,2021-08-17 22:01:30,单身情歌啥时候的,0.2308283396275872,negative
【神仙打架】回顾1997年华语乐坛，首首都是神曲！,2021-08-08 23:52:02,专唱苦情歌,0.5315622537665223,neutral
【神仙打架】回顾1997年华语乐坛，首首都是神曲！,2021-08-08 21:21:19,这瓜保熟吗,0.40194974975877795,neutral
【神仙打架】回顾1997年华语乐坛，首首都是神曲！,2021-08-07 16:11:10,小刚厉害,0.33583404191636157,neutral
【神仙打架】回顾1997年华语乐坛，首首都是神曲！,2021-08-07 16:10:42,炸！,0.5454545454545455,neutral
【神仙打架】回顾1997年华语乐坛，首首都是神曲！,2021-08-07 16:09:50,又炸,0.5454545454545455,neutral
【神仙打架】回顾1997年华语乐坛，首首都是神曲！,2021-08-07 16:09:04,八炸,0.6645037616567707,neutral
【神仙打架】回顾1997年华语乐坛，首首都是神曲！,2021-08-07 16:08:44,七炸啊,0.6951925078829734,neutral
【神仙打架】回顾1997年华语乐坛，首首都是神曲！,2021-08-07 16:08:29,六炸！！,0.35477340536115387,neutral
【神仙打架】回顾1997年华语乐坛，首首都是神曲！,2021-08-07 16:08:10,五炸！！！,0.24385134197033465,negative
【神仙打架】回顾1997年华语乐坛，首首都是神曲！,2021-08-07 16:07:48,四炸！！！,0.2575139328388334,negative
【神仙打架】回顾1997年华语乐坛，首首都是神曲！,2021-08-07 16:06:56,三连炸,0.4581645025921507,neutral
【神仙打架】回顾1997年华语乐坛，首首都是神曲！,2021-08-07 16:06:28,王炸,0.8418879760491043,positive
【神仙打架】回顾1997年华语乐坛，首首都是神曲！,2021-08-07 15:56:06,jyp,0.5,neutral
【神仙打架】回顾1997年华语乐坛，首首都是神曲！,2021-08-06 05:43:29,天后,0.5,neutral
【神仙打架】回顾1997年华语乐坛，首首都是神曲！,2021-08-05 20:05:58,这歌爆炸,0.7015622526298524,positive
【神仙打架】回顾1997年华语乐坛，首首都是神曲！,2021-08-05 20:05:43,盲猜有相约98,0.34670909653971627,neutral
【神仙打架】回顾1997年华语乐坛，首首都是神曲！,2021-08-05 20:01:03,666,0.5,neutral
【神仙打架】回顾1997年华语乐坛，首首都是神曲！,2021-08-05 20:00:31,经典,0.7606837606837609,positive
【神仙打架】回顾1997年华语乐坛，首首都是神曲！,2021-08-05 19:59:35,楚留香。。。,0.6338447933914833,neutral
【神仙打架】回顾1997年华语乐坛，首首都是神曲！,2021-08-05 00:10:00,任贤齐呢,0.48890108756502804,neutral
【神仙打架】回顾1997年华语乐坛，首首都是神曲！,2021-08-02 19:57:44,zard笑尿。。。,0.15089187586039554,negative
【神仙打架】回顾1997年华语乐坛，首首都是神曲！,2021-08-02 19:54:54,妇炎洁组合,0.40383198498547135,neutral
【神仙打架】回顾1997年华语乐坛，首首都是神曲！,2021-08-01 21:18:09,天后驾到！,0.5407187290010921,neutral
【神仙打架】回顾1997年华语乐坛，首首都是神曲！,2021-08-01 11:26:33,真开心  小学毕业了,0.9602721288270925,positive
【神仙打架】回顾1997年华语乐坛，首首都是神曲！,2021-07-31 13:26:06,6岁,0.4859733181933438,neutral
【神仙打架】回顾1997年华语乐坛，首首都是神曲！,2021-07-31 11:20:09,你们谁还记得黄磊演的电视剧似水年华？,0.994653477210047,positive
【神仙打架】回顾1997年华语乐坛，首首都是神曲！,2021-07-26 12:55:46,就让陌陌真心为你,0.9785374795449931,positive
【神仙打架】回顾1997年华语乐坛，首首都是神曲！,2021-07-26 12:52:21,15岁了,0.47184797665906963,neutral
【神仙打架】回顾1997年华语乐坛，首首都是神曲！,2021-07-25 20:39:36,工作了，第一年厂车上每天听,0.6357205011624932,neutral
【神仙打架】回顾1997年华语乐坛，首首都是神曲！,2021-07-25 18:28:32,你这瓜保熟吗,0.40194974975877795,neutral
【神仙打架】回顾1997年华语乐坛，首首都是神曲！,2021-07-24 21:30:34,刀郎粉丝无能狂怒,0.31601276785651955,neutral
【神仙打架】回顾1997年华语乐坛，首首都是神曲！,2021-07-24 00:04:04,哇哈哈矿泉水！,0.39062500000000033,neutral
【神仙打架】回顾1997年华语乐坛，首首都是神曲！,2021-07-22 23:12:51,该有相约98的,0.37664425595817896,neutral
【神仙打架】回顾1997年华语乐坛，首首都是神曲！,2021-07-22 16:15:05,我妈妈好几年的手机铃声……,0.9772672596986234,positive
【神仙打架】回顾1997年华语乐坛，首首都是神曲！,2021-07-20 00:50:49,台湾出的专辑,0.8707206115722369,positive
【神仙打架】回顾1997年华语乐坛，首首都是神曲！,2021-07-20 00:47:13,相约98,0.07565353203396996,negative
【神仙打架】回顾1997年华语乐坛，首首都是神曲！,2021-07-20 00:46:28,神曲,0.5,neutral
【神仙打架】回顾1997年华语乐坛，首首都是神曲！,2021-07-20 00:45:11,小刚,0.5,neutral
【神仙打架】回顾1997年华语乐坛，首首都是神曲！,2021-07-20 00:42:55,磁带年代,0.8112097943566042,positive
【神仙打架】回顾1997年华语乐坛，首首都是神曲！,2021-07-19 10:58:51,GiGi,0.5,neutral
【神仙打架】回顾1997年华语乐坛，首首都是神曲！,2021-07-18 10:03:59,YYDS,0.5,neutral
【神仙打架】回顾1997年华语乐坛，首首都是神曲！,2021-07-18 10:01:14,天王,0.5,neutral
【神仙打架】回顾1997年华语乐坛，首首都是神曲！,2021-07-17 16:34:06,我出生了 哈哈哈,0.9468817859652766,positive
【神仙打架】回顾1997年华语乐坛，首首都是神曲！,2021-07-17 12:07:39,！！！,0.20637898686679168,negative
【神仙打架】回顾1997年华语乐坛，首首都是神曲！,2021-07-10 23:36:05,女生,0.5375,neutral
【神仙打架】回顾1997年华语乐坛，首首都是神曲！,2021-07-10 23:35:51,萨克斯,0.5,neutral
【神仙打架】回顾1997年华语乐坛，首首都是神曲！,2021-07-10 23:34:47,大话三国,0.3971527348259034,neutral
【神仙打架】回顾1997年华语乐坛，首首都是神曲！,2021-07-09 18:39:09,广州好迪,0.44519683193360093,neutral
【神仙打架】回顾1997年华语乐坛，首首都是神曲！,2021-07-07 16:58:07,必须神曲 经典,0.8268391996838511,positive
【神仙打架】回顾1997年华语乐坛，首首都是神曲！,2021-07-06 19:40:15,神呐,0.7062924978536057,positive
【神仙打架】回顾1997年华语乐坛，首首都是神曲！,2021-07-05 06:20:43,黄磊？,0.621459175216701,neutral
【神仙打架】回顾1997年华语乐坛，首首都是神曲！,2021-07-05 00:09:10,风云,0.8,positive
【神仙打架】回顾1997年华语乐坛，首首都是神曲！,2021-07-05 00:06:59,这歌方面到处都在放,0.47512915100616926,neutral
【神仙打架】回顾1997年华语乐坛，首首都是神曲！,2021-07-04 15:22:09,1111,0.5,neutral
【神仙打架】回顾1997年华语乐坛，首首都是神曲！,2021-07-04 15:15:54,听这首歌，当年腰里别个单放机+电池，裤子都能扯掉,0.8867500803156797,positive
【神仙打架】回顾1997年华语乐坛，首首都是神曲！,2021-07-04 15:10:39,李若彤的小龙女,0.7088861102393628,positive
【神仙打架】回顾1997年华语乐坛，首首都是神曲！,2021-06-29 22:35:10,KTV保留曲,0.05629225868188281,negative
【神仙打架】回顾1997年华语乐坛，首首都是神曲！,2021-06-29 22:34:46,我的爱歌,0.8748283105408307,positive
【神仙打架】回顾1997年华语乐坛，首首都是神曲！,2021-06-29 22:34:26,没听过耶这首,0.5072654734658778,neutral
【神仙打架】回顾1997年华语乐坛，首首都是神曲！,2021-06-29 22:33:34,不敢去KTV点这首歌，MV内容过于劲爆,0.002233126137294983,negative
【神仙打架】回顾1997年华语乐坛，首首都是神曲！,2021-06-28 16:40:24,好听,0.33333333333333337,neutral
【神仙打架】回顾1997年华语乐坛，首首都是神曲！,2021-06-26 00:37:26,胆小鬼完全听不出年代感，现在听也觉得是新歌,0.8712411838142753,positive
【神仙打架】回顾1997年华语乐坛，首首都是神曲！,2021-06-26 00:36:14,1998年神曲,0.4960253045369134,neutral
【神仙打架】回顾1997年华语乐坛，首首都是神曲！,2021-06-26 00:35:11,梁咏琪当年火的一塌糊涂,0.05429365483839932,negative
【神仙打架】回顾1997年华语乐坛，首首都是神曲！,2021-06-24 23:54:12,好可怜看着,0.6016950030350765,neutral
【神仙打架】回顾1997年华语乐坛，首首都是神曲！,2021-06-24 10:45:30,吴彤青歌赛清唱版甚至优于原版,0.8432593645411154,positive
【神仙打架】回顾1997年华语乐坛，首首都是神曲！,2021-06-23 21:22:54,还珠格格出了不少好听的歌,0.715110403397832,positive
【神仙打架】回顾1997年华语乐坛，首首都是神曲！,2021-06-13 21:04:50,初中高中生涯埋在书本中幸好有小齐的歌陪我,0.9837119665748932,positive
【神仙打架】回顾1997年华语乐坛，首首都是神曲！,2021-06-09 13:48:20,出場自帶風扇的王者伍佰！！,0.25651193899156344,negative
【神仙打架】回顾1997年华语乐坛，首首都是神曲！,2021-06-09 13:43:08,阿妹帶唱神曲之一！！！,0.3836146572061845,neutral
【神仙打架】回顾1997年华语乐坛，首首都是神曲！,2021-06-09 13:42:11,戀愛中必唱的酸甜神曲膽小鬼！！！,0.795225604023723,positive
【神仙打架】回顾1997年华语乐坛，首首都是神曲！,2021-06-09 13:29:51,單身狗界的神曲！！！,0.1594971204935769,negative
【神仙打架】回顾1997年华语乐坛，首首都是神曲！,2021-06-07 22:49:23,年轻人不讲武德,0.9158044231593738,positive
【神仙打架】回顾1997年华语乐坛，首首都是神曲！,2021-06-05 05:34:24,预定相约98,0.029054466333903406,negative
【神仙打架】回顾1997年华语乐坛，首首都是神曲！,2021-06-05 05:33:57,全是神曲,0.8688332353576992,positive
【神仙打架】回顾1997年华语乐坛，首首都是神曲！,2021-06-05 05:33:23,999朵玫瑰,0.9807928674356498,positive
【神仙打架】回顾1997年华语乐坛，首首都是神曲！,2021-06-05 05:32:19,记事本，千千静听,0.6184777508821596,neutral
【神仙打架】回顾1997年华语乐坛，首首都是神曲！,2021-06-04 00:47:51,出生了,0.7499999999999999,positive
【神仙打架】回顾1997年华语乐坛，首首都是神曲！,2021-05-31 20:33:01,张惠妹快歌被低估太多了,0.8267759446131858,positive
【神仙打架】回顾1997年华语乐坛，首首都是神曲！,2021-05-31 19:38:49,这首歌要跪着唱,0.9557415569930002,positive
【神仙打架】回顾1997年华语乐坛，首首都是神曲！,2021-05-30 13:00:54,范晓萱,0.5652992109019419,neutral
【神仙打架】回顾1997年华语乐坛，首首都是神曲！,2021-05-30 12:55:44,终于来了,0.5870307167235498,neutral
【神仙打架】回顾1997年华语乐坛，首首都是神曲！,2021-05-30 10:19:13,666,0.5,neutral
【神仙打架】回顾1997年华语乐坛，首首都是神曲！,2021-05-22 08:46:20,菲,0.8653846153846153,positive
【神仙打架】回顾1997年华语乐坛，首首都是神曲！,2021-05-22 08:03:24,黄色mtv,0.09577351076033991,negative
【神仙打架】回顾1997年华语乐坛，首首都是神曲！,2021-05-21 12:59:08,妹,0.43750000000000033,neutral
【神仙打架】回顾1997年华语乐坛，首首都是神曲！,2021-05-20 10:24:30,放暑假了,0.7757835134681014,positive
【神仙打架】回顾1997年华语乐坛，首首都是神曲！,2021-05-16 11:34:23,1998年任贤齐已经无人出其左右,0.7362967321414244,positive
【神仙打架】回顾1997年华语乐坛，首首都是神曲！,2021-05-16 11:33:55,伤心太平洋一出，亚洲天王就此诞生,0.9517430379878762,positive
【神仙打架】回顾1997年华语乐坛，首首都是神曲！,2021-05-13 23:30:05,好瘦啊姐,0.9525653402952264,positive
【神仙打架】回顾1997年华语乐坛，首首都是神曲！,2021-05-09 17:16:28,全体跪下,0.3073997826596315,neutral
【神仙打架】回顾1997年华语乐坛，首首都是神曲！,2021-05-06 22:37:43,翻唱不代表不经典，弟弟。,0.8847696188178905,positive
【神仙打架】回顾1997年华语乐坛，首首都是神曲！,2021-05-03 11:17:44,我是一只鱼,0.5,neutral
【神仙打架】回顾1997年华语乐坛，首首都是神曲！,2021-05-03 11:17:30,任逍遥,0.44890126439038147,neutral
【神仙打架】回顾1997年华语乐坛，首首都是神曲！,2021-05-03 11:17:23,对面女孩看过来,0.8160552970413202,positive
【神仙打架】回顾1997年华语乐坛，首首都是神曲！,2021-05-03 11:17:15,伤心太平洋,0.6791901244417526,neutral
【神仙打架】回顾1997年华语乐坛，首首都是神曲！,2021-05-03 11:16:59,1998年华语一哥是任贤齐,0.20335589487225025,negative
【神仙打架】回顾1997年华语乐坛，首首都是神曲！,2021-05-01 17:44:53,屯门鸡爷,0.6501360676094694,neutral
【神仙打架】回顾1997年华语乐坛，首首都是神曲！,2021-04-23 05:43:03,苏永康好歌太多,0.9523586065457553,positive
【神仙打架】回顾1997年华语乐坛，首首都是神曲！,2021-04-23 05:42:02,JYP,0.5,neutral
【神仙打架】回顾1997年华语乐坛，首首都是神曲！,2021-04-23 05:37:25,小刚,0.5,neutral
【神仙打架】回顾1997年华语乐坛，首首都是神曲！,2021-04-22 20:23:52,大哥来了,0.5,neutral
【神仙打架】回顾1997年华语乐坛，首首都是神曲！,2021-04-22 20:22:02,十一朗NP,0.9586962991476331,positive
【神仙打架】回顾1997年华语乐坛，首首都是神曲！,2021-04-20 01:02:41,辣贵族来啦 呕,0.3865820190675623,neutral
【神仙打架】回顾1997年华语乐坛，首首都是神曲！,2021-04-17 04:02:47,单身狗之歌,0.48684659554548104,neutral
【神仙打架】回顾1997年华语乐坛，首首都是神曲！,2021-04-14 11:32:31,盲猜有相约98,0.34670909653971627,neutral
【神仙打架】回顾1997年华语乐坛，首首都是神曲！,2021-04-14 11:31:28,数字歌王,0.7768434390654205,positive
【神仙打架】回顾1997年华语乐坛，首首都是神曲！,2021-04-10 13:27:54,疯狂打call,0.3750780384166793,neutral
【神仙打架】回顾1997年华语乐坛，首首都是神曲！,2021-04-04 18:05:38,妈呀，这首都98de ,0.25781562631469734,negative
【神仙打架】回顾1997年华语乐坛，首首都是神曲！,2021-04-04 18:04:16,山东台的音乐风,0.8005220006100136,positive
【神仙打架】回顾1997年华语乐坛，首首都是神曲！,2021-03-29 00:35:08,哈哈哈，大家好才是真的好,0.9400125777367895,positive
【神仙打架】回顾1997年华语乐坛，首首都是神曲！,2021-03-29 00:03:55,喜欢看你紧紧皱眉，叫我扮小乌龟,0.961178664857745,positive
【神仙打架】回顾1997年华语乐坛，首首都是神曲！,2021-03-25 21:11:43,超爱,0.772730741840251,positive
【神仙打架】回顾1997年华语乐坛，首首都是神曲！,2021-03-25 21:11:17,黎明请你不要来,0.5222182823328718,neutral
【神仙打架】回顾1997年华语乐坛，首首都是神曲！,2021-03-25 21:08:43,大佬来了,0.5,neutral
【神仙打架】回顾1997年华语乐坛，首首都是神曲！,2021-03-25 21:07:35,好好听,0.46175896454978704,neutral
【神仙打架】回顾1997年华语乐坛，首首都是神曲！,2021-03-25 21:06:40,超爱,0.772730741840251,positive
【神仙打架】回顾1997年华语乐坛，首首都是神曲！,2021-03-25 21:06:31,这个太难唱了,0.8507885407374197,positive
【神仙打架】回顾1997年华语乐坛，首首都是神曲！,2021-03-25 21:05:55,正,0.6262135922330102,neutral
【神仙打架】回顾1997年华语乐坛，首首都是神曲！,2021-03-15 18:36:20,前方核能,0.6774921075767265,neutral
【神仙打架】回顾1997年华语乐坛，首首都是神曲！,2021-03-12 03:31:02,这么早！！！！！,0.12085938276753716,negative
【神仙打架】回顾1997年华语乐坛，首首都是神曲！,2021-03-12 03:25:33,哈哈哈哈哈,0.8684210526315791,positive
【神仙打架】回顾1997年华语乐坛，首首都是神曲！,2021-03-04 10:33:48,双刀火鸡,0.4737672181921908,neutral
【神仙打架】回顾1997年华语乐坛，首首都是神曲！,2021-03-04 10:28:07,王炸！！！,0.5548839078196697,neutral
【神仙打架】回顾1997年华语乐坛，首首都是神曲！,2021-03-04 10:27:56,起立,0.5,neutral
【神仙打架】回顾1997年华语乐坛，首首都是神曲！,2021-03-04 10:27:35,神了,0.6041666666666664,neutral
【神仙打架】回顾1997年华语乐坛，首首都是神曲！,2021-03-04 10:27:03,大家好，，，,0.7005752524243981,positive
【神仙打架】回顾1997年华语乐坛，首首都是神曲！,2021-03-04 10:26:16,那年我初三,0.9618442821679855,positive
【神仙打架】回顾1997年华语乐坛，首首都是神曲！,2021-03-02 21:41:30,我的女神,0.7499999999999999,positive
【神仙打架】回顾1997年华语乐坛，首首都是神曲！,2021-02-25 23:59:56,全体起立,0.32649808098307553,neutral
【神仙打架】回顾1997年华语乐坛，首首都是神曲！,2021-02-25 23:16:09,力宏,0.5843288896177783,neutral
【神仙打架】回顾1997年华语乐坛，首首都是神曲！,2021-02-25 17:26:52,菲,0.8653846153846153,positive
【神仙打架】回顾1997年华语乐坛，首首都是神曲！,2021-02-23 08:16:06,-1岁,0.5966219184812913,neutral
【神仙打架】回顾1997年华语乐坛，首首都是神曲！,2021-02-23 01:19:03,仙女颜值GIGI,0.44767845850986676,neutral
【神仙打架】回顾1997年华语乐坛，首首都是神曲！,2021-02-21 16:10:59,11111,0.5,neutral
【神仙打架】回顾1997年华语乐坛，首首都是神曲！,2021-02-20 16:52:05,宇哥总于排开头了,0.6308953088504545,neutral
【神仙打架】回顾1997年华语乐坛，首首都是神曲！,2021-02-20 00:51:53,排面,0.5,neutral
【神仙打架】回顾1997年华语乐坛，首首都是神曲！,2021-02-20 00:47:42,来了,0.5262327818078083,neutral
【神仙打架】回顾1997年华语乐坛，首首都是神曲！,2021-02-20 00:46:50,来了,0.5262327818078083,neutral
【神仙打架】回顾1997年华语乐坛，首首都是神曲！,2021-02-20 00:45:56,排面,0.5,neutral
【神仙打架】回顾1997年华语乐坛，首首都是神曲！,2021-02-20 00:45:17,必须排面,0.32104106296875334,neutral
【神仙打架】回顾1997年华语乐坛，首首都是神曲！,2021-02-20 00:45:08,你有应采儿,0.5035078910478143,neutral
【神仙打架】回顾1997年华语乐坛，首首都是神曲！,2021-02-20 00:43:45,小齐哥,0.5025370734601784,neutral
【神仙打架】回顾1997年华语乐坛，首首都是神曲！,2021-02-07 23:55:42,一岁啦,0.6216216216216218,neutral
【神仙打架】回顾1997年华语乐坛，首首都是神曲！,2021-02-05 15:50:25,当时百事公司的代言人吧,0.4737672181921908,neutral
【神仙打架】回顾1997年华语乐坛，首首都是神曲！,2021-02-01 23:08:07,力宏,0.5843288896177783,neutral
【神仙打架】回顾1997年华语乐坛，首首都是神曲！,2021-02-01 21:05:30,妈呀，听过但是不知道歌名，找回啦记忆,0.892495574782227,positive
【神仙打架】回顾1997年华语乐坛，首首都是神曲！,2021-02-01 21:02:35,不知道歌名，但是都听过,0.5869850394048948,neutral
【神仙打架】回顾1997年华语乐坛，首首都是神曲！,2021-01-31 21:05:40,我出生了,0.7499999999999999,positive
【神仙打架】回顾1997年华语乐坛，首首都是神曲！,2021-01-31 21:03:46,劲歌金曲,0.536615492269173,neutral
【神仙打架】回顾1997年华语乐坛，首首都是神曲！,2021-01-31 21:02:53,国家队,0.5,neutral
【神仙打架】回顾1997年华语乐坛，首首都是神曲！,2021-01-30 23:08:35,女神,0.7499999999999999,positive
【神仙打架】回顾1997年华语乐坛，首首都是神曲！,2021-01-30 02:58:05,这是被别人翻唱的,0.5013490597296458,neutral
【神仙打架】回顾1997年华语乐坛，首首都是神曲！,2021-01-30 02:56:43,平民天后,0.6505914559788638,neutral
【神仙打架】回顾1997年华语乐坛，首首都是神曲！,2021-01-21 22:47:07,ahhhhhhhhhhhhhhhhhhhhhhhhhhhhhhhhhhhhhhhhhhhhhh,0.5,neutral
【神仙打架】回顾1997年华语乐坛，首首都是神曲！,2021-01-21 13:30:26,小黑,0.5172403828650135,neutral
【神仙打架】回顾1997年华语乐坛，首首都是神曲！,2021-01-21 13:29:20,王靖雯,0.7997918680636315,positive
【神仙打架】回顾1997年华语乐坛，首首都是神曲！,2021-01-21 13:28:30,相约98,0.07565353203396996,negative
【神仙打架】回顾1997年华语乐坛，首首都是神曲！,2021-01-16 20:59:07,小微呢,0.6926408874921774,neutral
【神仙打架】回顾1997年华语乐坛，首首都是神曲！,2021-01-16 20:57:19,小刚,0.5,neutral
【神仙打架】回顾1997年华语乐坛，首首都是神曲！,2021-01-16 20:56:58,喜欢最终幻想的歌,0.9954050540230451,positive
【神仙打架】回顾1997年华语乐坛，首首都是神曲！,2021-01-16 20:56:27,酷,0.7368421052631581,positive
【神仙打架】回顾1997年华语乐坛，首首都是神曲！,2021-01-16 20:55:59,太平洋,0.6363636363636364,neutral
【神仙打架】回顾1997年华语乐坛，首首都是神曲！,2021-01-14 01:43:13,白嫖失败！,0.34740944058636547,neutral
【神仙打架】回顾1997年华语乐坛，首首都是神曲！,2021-01-12 21:47:27,小刚老师作品,0.9414118891039112,positive
【神仙打架】回顾1997年华语乐坛，首首都是神曲！,2021-01-11 23:48:58,对唱必点,0.4737672181921908,neutral
【神仙打架】回顾1997年华语乐坛，首首都是神曲！,2021-01-11 13:12:06,情歌王。！,0.6046753600825547,neutral
【神仙打架】回顾1997年华语乐坛，首首都是神曲！,2021-01-11 13:09:01,6666,0.5,neutral
【神仙打架】回顾1997年华语乐坛，首首都是神曲！,2021-01-09 22:17:08,这一年出生了,0.766966303224242,positive
【神仙打架】回顾1997年华语乐坛，首首都是神曲！,2021-01-06 22:36:48,我想一直呆在那年不出来了,0.8285600724212437,positive
【神仙打架】回顾1997年华语乐坛，首首都是神曲！,2021-01-04 00:14:12,这一年，我出生了,0.766966303224242,positive
【神仙打架】回顾1997年华语乐坛，首首都是神曲！,2021-01-02 21:21:51,美女,0.36734693877551017,neutral
【神仙打架】回顾1997年华语乐坛，首首都是神曲！,2021-01-02 21:21:31,超女来了吗,0.533500267048378,neutral
【神仙打架】回顾1997年华语乐坛，首首都是神曲！,2021-01-02 21:20:56,健康歌,0.9005994627177863,positive
【神仙打架】回顾1997年华语乐坛，首首都是神曲！,2021-01-02 21:20:40,小刚,0.5,neutral
【神仙打架】回顾1997年华语乐坛，首首都是神曲！,2021-01-02 21:20:22,惠妹,0.5,neutral
【神仙打架】回顾1997年华语乐坛，首首都是神曲！,2021-01-02 21:20:06,哈哈,0.5262327818078083,neutral
【神仙打架】回顾1997年华语乐坛，首首都是神曲！,2021-01-02 21:19:18,奶茶,0.9888558947741698,positive
【神仙打架】回顾1997年华语乐坛，首首都是神曲！,2021-01-02 21:19:12,女神,0.7499999999999999,positive
【神仙打架】回顾1997年华语乐坛，首首都是神曲！,2021-01-02 21:18:25,好听,0.33333333333333337,neutral
【神仙打架】回顾1997年华语乐坛，首首都是神曲！,2021-01-02 21:18:09,小刚,0.5,neutral
【神仙打架】回顾1997年华语乐坛，首首都是神曲！,2021-01-02 21:17:59,经典,0.7606837606837609,positive
【神仙打架】回顾1997年华语乐坛，首首都是神曲！,2021-01-02 21:17:21,放暑假了吗,0.7757835134681014,positive
【神仙打架】回顾1997年华语乐坛，首首都是神曲！,2021-01-02 21:17:02,山鸡哥,0.5443420056418066,neutral
【神仙打架】回顾1997年华语乐坛，首首都是神曲！,2021-01-02 21:16:45,滴答滴,0.1720219393215977,negative
【神仙打架】回顾1997年华语乐坛，首首都是神曲！,2021-01-02 21:16:15,牛逼啊,0.6923786120385603,neutral
【神仙打架】回顾1997年华语乐坛，首首都是神曲！,2021-01-02 21:15:41,王炸,0.8418879760491043,positive
【神仙打架】回顾1997年华语乐坛，首首都是神曲！,2020-12-30 20:44:44,到这曲风就变了,0.4358836429876032,neutral
【神仙打架】回顾1997年华语乐坛，首首都是神曲！,2020-12-29 22:51:53,广州好迪,0.44519683193360093,neutral
【神仙打架】回顾1997年华语乐坛，首首都是神曲！,2020-12-25 08:42:01,滚蛋,0.5,neutral
【神仙打架】回顾1997年华语乐坛，首首都是神曲！,2020-12-23 01:41:39,抵达,0.5882352941176469,neutral
【神仙打架】回顾1997年华语乐坛，首首都是神曲！,2020-12-20 23:05:01,邰正宵,0.4737672181921908,neutral
【神仙打架】回顾1997年华语乐坛，首首都是神曲！,2020-12-19 17:23:38,阿阿阿阿阿,0.5262327818078083,neutral
【神仙打架】回顾1997年华语乐坛，首首都是神曲！,2020-12-19 13:14:17,真 三联炸,0.6468639541375649,neutral
【神仙打架】回顾1997年华语乐坛，首首都是神曲！,2020-12-17 22:58:49,全体下跪吧,0.3073997826596315,neutral
【神仙打架】回顾1997年华语乐坛，首首都是神曲！,2020-12-17 21:58:49,我出生了,0.7499999999999999,positive
【神仙打架】回顾1997年华语乐坛，首首都是神曲！,2020-12-17 21:16:24,开幕雷击,0.15258541937922643,negative
【神仙打架】回顾1997年华语乐坛，首首都是神曲！,2020-12-13 22:29:14,当年的女神,0.8818970871421233,positive
【神仙打架】回顾1997年华语乐坛，首首都是神曲！,2020-12-13 22:28:00,98年军训的时候天天唱的歌,0.7594091486858365,positive
【神仙打架】回顾1997年华语乐坛，首首都是神曲！,2020-12-13 21:19:03,小刚的歌,0.7015622526298516,positive
【神仙打架】回顾1997年华语乐坛，首首都是神曲！,2020-12-08 03:28:48,这首歌发行八天之后，我降生。。。。。。,0.7973406990552779,positive
【神仙打架】回顾1997年华语乐坛，首首都是神曲！,2020-12-08 03:23:27,98.03.09降世，路过。。。,0.5608505518160732,neutral
【神仙打架】回顾1997年华语乐坛，首首都是神曲！,2020-12-05 19:58:13,下沙,0.5552529002444191,neutral
【神仙打架】回顾1997年华语乐坛，首首都是神曲！,2020-12-05 19:57:07,没听过,0.41512888348790655,neutral
【神仙打架】回顾1997年华语乐坛，首首都是神曲！,2020-12-05 17:45:24,不想当厨师的歌手不是个好演员,0.907800729294649,positive
【神仙打架】回顾1997年华语乐坛，首首都是神曲！,2020-12-05 17:38:08,跪着唱更有感觉,0.9030778324513209,positive
【神仙打架】回顾1997年华语乐坛，首首都是神曲！,2020-12-03 15:20:51,为什么过了20年二哥长相没变呢！,0.5002133985304247,neutral
【神仙打架】回顾1997年华语乐坛，首首都是神曲！,2020-11-25 05:40:08,哎哟妈妈,0.8571428571428572,positive
【神仙打架】回顾1997年华语乐坛，首首都是神曲！,2020-11-21 18:49:06,愛してる,0.8630530555797126,positive
【神仙打架】回顾1997年华语乐坛，首首都是神曲！,2020-11-21 17:05:45,起立,0.5,neutral
【神仙打架】回顾1997年华语乐坛，首首都是神曲！,2020-11-17 19:46:23,第一次看视频,0.8970795464211286,positive
【神仙打架】回顾1997年华语乐坛，首首都是神曲！,2020-11-13 16:37:34,我好喜欢小齐哥,0.8436153105103846,positive
【神仙打架】回顾1997年华语乐坛，首首都是神曲！,2020-11-12 22:01:39,汉化小王子,0.7822460253472542,positive
【神仙打架】回顾1997年华语乐坛，首首都是神曲！,2020-11-07 02:34:52,？,0.5262327818078083,neutral
【神仙打架】回顾1997年华语乐坛，首首都是神曲！,2020-10-28 21:02:29,韩国人不要脸，说好给张学友写歌，结果回国抢着做韩语版先发,0.20831012753047617,negative
【神仙打架】回顾1997年华语乐坛，首首都是神曲！,2020-10-28 21:01:45,这首歌是韩国人前去给张学友写歌，完了自己又回国赶忙做出韩语抢先发,0.6791576108271924,neutral
【神仙打架】回顾1997年华语乐坛，首首都是神曲！,2020-10-28 00:00:12,妇炎洁笑尿,0.10843357540888732,negative
【神仙打架】回顾1997年华语乐坛，首首都是神曲！,2020-10-16 23:55:52,超爱,0.772730741840251,positive
【神仙打架】回顾1997年华语乐坛，首首都是神曲！,2020-10-16 23:54:06,无敌萨克斯,0.9029418043186753,positive
【神仙打架】回顾1997年华语乐坛，首首都是神曲！,2020-10-16 23:49:20,女神,0.7499999999999999,positive
【神仙打架】回顾1997年华语乐坛，首首都是神曲！,2020-10-16 21:17:18,一直想找这首歌,0.66229949861002,neutral
【神仙打架】回顾1997年华语乐坛，首首都是神曲！,2020-10-12 21:11:39,@应采儿,0.8203089634098307,positive
【神仙打架】回顾1997年华语乐坛，首首都是神曲！,2020-10-11 12:03:44,牛德华牛德华牛德华,0.9970869948608401,positive
【神仙打架】回顾1997年华语乐坛，首首都是神曲！,2020-10-10 06:26:19,牌面锋哥 ,0.20712026341658463,negative
【神仙打架】回顾1997年华语乐坛，首首都是神曲！,2020-10-08 20:56:17,我出生了,0.7499999999999999,positive
【神仙打架】回顾1997年华语乐坛，首首都是神曲！,2020-10-07 14:27:21,哇，暖风差点把这歌忘了,0.5942499590990993,neutral
【神仙打架】回顾1997年华语乐坛，首首都是神曲！,2020-10-05 01:29:35,通俗10级,0.4568898806632652,neutral
【神仙打架】回顾1997年华语乐坛，首首都是神曲！,2020-10-05 01:28:54,神曲,0.5,neutral
【神仙打架】回顾1997年华语乐坛，首首都是神曲！,2020-10-02 19:53:42,包小柏作曲,0.8902429581957136,positive
【神仙打架】回顾1997年华语乐坛，首首都是神曲！,2020-10-01 02:49:45,卧槽，我8岁了,0.5252405635714852,neutral
【神仙打架】回顾1997年华语乐坛，首首都是神曲！,2020-09-22 22:57:30,这首真的不错,0.9339650569634503,positive
【神仙打架】回顾1997年华语乐坛，首首都是神曲！,2020-09-22 22:56:49,哇哈哈,0.5262327818078083,neutral
【神仙打架】回顾1997年华语乐坛，首首都是神曲！,2020-09-22 22:55:11,神曲神曲,0.6003581766992524,neutral
【神仙打架】回顾1997年华语乐坛，首首都是神曲！,2020-09-22 22:54:32,神曲 ,0.5,neutral
【神仙打架】回顾1997年华语乐坛，首首都是神曲！,2020-09-22 22:54:11,林志炫,0.9735297303648784,positive
【神仙打架】回顾1997年华语乐坛，首首都是神曲！,2020-09-22 22:53:48,这歌居然这么早,0.39623478006258184,neutral
【神仙打架】回顾1997年华语乐坛，首首都是神曲！,2020-09-22 22:53:04,神曲……,0.6136407343677612,neutral
【神仙打架】回顾1997年华语乐坛，首首都是神曲！,2020-09-22 22:51:42,歌还在 歌者有的已不在,0.5677977056563066,neutral
【神仙打架】回顾1997年华语乐坛，首首都是神曲！,2020-09-22 22:51:00,神曲,0.5,neutral
【神仙打架】回顾1997年华语乐坛，首首都是神曲！,2020-09-22 22:49:26,神曲,0.5,neutral
【神仙打架】回顾1997年华语乐坛，首首都是神曲！,2020-09-17 23:59:14,我的青春啊,0.9852941176470588,positive
【神仙打架】回顾1997年华语乐坛，首首都是神曲！,2020-09-17 23:58:56,鸡哥！！！！！,0.11160325498693646,negative
【神仙打架】回顾1997年华语乐坛，首首都是神曲！,2020-09-17 23:57:51,红豆！！！！！,0.2737148324758023,negative
【神仙打架】回顾1997年华语乐坛，首首都是神曲！,2020-09-14 20:40:55,啊啊啊啊范晓萱,0.9046390329027548,positive
【神仙打架】回顾1997年华语乐坛，首首都是神曲！,2020-09-14 20:36:45,啊啊啊啊啊红豆,0.9563024306917736,positive
【神仙打架】回顾1997年华语乐坛，首首都是神曲！,2020-09-13 18:13:31,坐不下了，坐不下了,0.47707373097182737,neutral
【神仙打架】回顾1997年华语乐坛，首首都是神曲！,2020-09-13 12:17:35,李翊君正儿八经的唱将,0.9756418304352305,positive
【神仙打架】回顾1997年华语乐坛，首首都是神曲！,2020-09-13 12:17:04,三位大佬,0.7467590875797274,positive
【神仙打架】回顾1997年华语乐坛，首首都是神曲！,2020-09-13 12:14:49,这个时候已经是后期的任贤齐了,0.8959631930660363,positive
【神仙打架】回顾1997年华语乐坛，首首都是神曲！,2020-09-13 12:14:07,屠街神曲,0.4960253045369134,neutral
【神仙打架】回顾1997年华语乐坛，首首都是神曲！,2020-09-11 18:15:47,所以梁咏琪现在在哪里？,0.6257464253152349,neutral
【神仙打架】回顾1997年华语乐坛，首首都是神曲！,2020-09-10 18:38:45,说任贤齐翻唱不配放上来的，这个也是翻唱的,0.8151436930391119,positive
【神仙打架】回顾1997年华语乐坛，首首都是神曲！,2020-09-09 03:03:44,好惨！！,0.5784594790730218,neutral
【神仙打架】回顾1997年华语乐坛，首首都是神曲！,2020-09-08 07:54:51,全体致敬,0.7723877864930506,positive
【神仙打架】回顾1997年华语乐坛，首首都是神曲！,2020-09-06 21:59:09,赞,0.9178743961352657,positive
【神仙打架】回顾1997年华语乐坛，首首都是神曲！,2020-09-06 13:31:46,啊啊啊啊啊啊啊啊啊啊啊啊啊啊啊啊啊啊啊啊啊啊啊啊啊,0.9999940257393997,positive
【神仙打架】回顾1997年华语乐坛，首首都是神曲！,2020-09-04 11:15:50,王者来了,0.7499999999999999,positive
【神仙打架】回顾1997年华语乐坛，首首都是神曲！,2020-09-03 16:44:51,心太软去哪了,0.413235567481952,neutral
【神仙打架】回顾1997年华语乐坛，首首都是神曲！,2020-08-29 21:46:43,特意从出生这一年开始看嘻嘻,0.9904460053603031,positive
【神仙打架】回顾1997年华语乐坛，首首都是神曲！,2020-08-25 15:08:53,ktv必唱游鴻明神曲之一  一天一萬年!!!!,0.5982373454501507,neutral
【神仙打架】回顾1997年华语乐坛，首首都是神曲！,2020-08-25 15:06:08,台灣第一位素人女歌手大破100萬張平民天后許懷鈺!!!,0.8578731869167436,positive
【神仙打架】回顾1997年华语乐坛，首首都是神曲！,2020-08-25 15:03:51,當年被小燕子支配的夏天!!,0.4373903336729491,neutral
【神仙打架】回顾1997年华语乐坛，首首都是神曲！,2020-08-25 15:00:30,傷   心    太    平    洋   !!!!!,0.10499798961210582,negative
【神仙打架】回顾1997年华语乐坛，首首都是神曲！,2020-08-24 01:11:06,哇哈哈纯净水,0.3308966239680502,neutral
【神仙打架】回顾1997年华语乐坛，首首都是神曲！,2020-08-24 01:10:15,我爱黎明,0.8892573647438486,positive
【神仙打架】回顾1997年华语乐坛，首首都是神曲！,2020-08-24 01:06:38,是我们相见恨晚,0.8999999999999999,positive
【神仙打架】回顾1997年华语乐坛，首首都是神曲！,2020-08-23 22:53:41,我出生啦,0.7499999999999999,positive
【神仙打架】回顾1997年华语乐坛，首首都是神曲！,2020-08-16 10:33:28,鸡爷,0.5,neutral
【神仙打架】回顾1997年华语乐坛，首首都是神曲！,2020-08-15 01:08:21,现在的乐坛确实了一群真正做音乐的人，,0.8293951380506807,positive
【神仙打架】回顾1997年华语乐坛，首首都是神曲！,2020-08-14 17:31:48,@应采儿,0.8203089634098307,positive
【神仙打架】回顾1997年华语乐坛，首首都是神曲！,2020-08-13 16:10:47,滴滴打车,0.34512317053877095,neutral
【神仙打架】回顾1997年华语乐坛，首首都是神曲！,2020-08-12 21:17:05,郭富城掉队了,0.596283090793338,neutral
【神仙打架】回顾1997年华语乐坛，首首都是神曲！,2020-08-12 21:16:16,还差郭富城了,0.22702509511180835,negative
【神仙打架】回顾1997年华语乐坛，首首都是神曲！,2020-08-06 14:24:03,离99年的霆锋还差一年,0.26678299354257906,negative
【神仙打架】回顾1997年华语乐坛，首首都是神曲！,2020-08-04 20:18:26,我爱黎明,0.8892573647438486,positive
【神仙打架】回顾1997年华语乐坛，首首都是神曲！,2020-08-04 20:14:01,哇，大黑叔,0.9270171897636293,positive
【神仙打架】回顾1997年华语乐坛，首首都是神曲！,2020-07-31 23:52:02,娃哈哈,0.85,positive
【神仙打架】回顾1997年华语乐坛，首首都是神曲！,2020-07-31 14:03:55,23/30,0.5,neutral
【神仙打架】回顾1997年华语乐坛，首首都是神曲！,2020-07-31 14:03:16,22/28,0.5,neutral
【神仙打架】回顾1997年华语乐坛，首首都是神曲！,2020-07-31 14:02:59,21/27,0.5,neutral
【神仙打架】回顾1997年华语乐坛，首首都是神曲！,2020-07-31 14:02:43,20/26,0.5,neutral
【神仙打架】回顾1997年华语乐坛，首首都是神曲！,2020-07-31 14:02:28,19/25,0.5,neutral
【神仙打架】回顾1997年华语乐坛，首首都是神曲！,2020-07-31 14:01:32,18/22,0.5,neutral
【神仙打架】回顾1997年华语乐坛，首首都是神曲！,2020-07-31 14:00:56,17/20,0.5,neutral
【神仙打架】回顾1997年华语乐坛，首首都是神曲！,2020-07-31 14:00:13,16/17,0.5,neutral
【神仙打架】回顾1997年华语乐坛，首首都是神曲！,2020-07-31 14:00:02,98的质量太高了,0.06241415518885496,negative
【神仙打架】回顾1997年华语乐坛，首首都是神曲！,2020-07-31 13:59:51,15/16,0.5,neutral
【神仙打架】回顾1997年华语乐坛，首首都是神曲！,2020-07-31 13:59:37,14/15,0.5,neutral
【神仙打架】回顾1997年华语乐坛，首首都是神曲！,2020-07-31 13:59:17,13/14,0.5,neutral
【神仙打架】回顾1997年华语乐坛，首首都是神曲！,2020-07-31 13:59:06,12/13,0.5,neutral
【神仙打架】回顾1997年华语乐坛，首首都是神曲！,2020-07-31 13:58:47,11/12,0.33333333333333337,neutral
【神仙打架】回顾1997年华语乐坛，首首都是神曲！,2020-07-31 13:58:15,10/11,0.5,neutral
【神仙打架】回顾1997年华语乐坛，首首都是神曲！,2020-07-31 13:57:59,9/10,0.5,neutral
【神仙打架】回顾1997年华语乐坛，首首都是神曲！,2020-07-31 13:57:43,8/9,0.5,neutral
【神仙打架】回顾1997年华语乐坛，首首都是神曲！,2020-07-31 13:57:21,7/8,0.5,neutral
【神仙打架】回顾1997年华语乐坛，首首都是神曲！,2020-07-31 13:57:05,6/7,0.5,neutral
【神仙打架】回顾1997年华语乐坛，首首都是神曲！,2020-07-31 13:56:52,5/6,0.5,neutral
【神仙打架】回顾1997年华语乐坛，首首都是神曲！,2020-07-31 13:56:37,4/5,0.5,neutral
【神仙打架】回顾1997年华语乐坛，首首都是神曲！,2020-07-31 13:56:03,3/3,0.5,neutral
【神仙打架】回顾1997年华语乐坛，首首都是神曲！,2020-07-31 13:55:55,2/2,0.5,neutral
【神仙打架】回顾1997年华语乐坛，首首都是神曲！,2020-07-31 13:55:50,上小学了,0.7917474740119343,positive
【神仙打架】回顾1997年华语乐坛，首首都是神曲！,2020-07-31 13:55:21,1/1,0.5,neutral
【神仙打架】回顾1997年华语乐坛，首首都是神曲！,2020-07-30 04:47:58,你再骂？,0.5,neutral
【神仙打架】回顾1997年华语乐坛，首首都是神曲！,2020-07-26 04:35:29,王靖雯,0.7997918680636315,positive
【神仙打架】回顾1997年华语乐坛，首首都是神曲！,2020-07-23 18:38:32,相约98呢？？？,0.007406547836163679,negative
【神仙打架】回顾1997年华语乐坛，首首都是神曲！,2020-07-23 18:37:48,二哥,0.5880539322936313,neutral
【神仙打架】回顾1997年华语乐坛，首首都是神曲！,2020-07-23 18:37:18,天王驾到,0.5407187290010921,neutral
【神仙打架】回顾1997年华语乐坛，首首都是神曲！,2020-07-23 18:36:52,赶紧上相约98！！！,0.24031999612376287,negative
【神仙打架】回顾1997年华语乐坛，首首都是神曲！,2020-07-23 18:36:29,唉！！,0.3075601374570447,neutral
【神仙打架】回顾1997年华语乐坛，首首都是神曲！,2020-07-23 18:35:49,赶紧相约98！！！,0.25246209987260493,negative
【神仙打架】回顾1997年华语乐坛，首首都是神曲！,2020-07-23 18:35:12,哦豁,0.5,neutral
【神仙打架】回顾1997年华语乐坛，首首都是神曲！,2020-07-23 18:35:01,梁咏琪,0.6257464253152349,neutral
【神仙打架】回顾1997年华语乐坛，首首都是神曲！,2020-07-23 18:34:27,OMG,0.5,neutral
【神仙打架】回顾1997年华语乐坛，首首都是神曲！,2020-07-23 18:33:42,这首98的呀！,0.12774995075168527,negative
【神仙打架】回顾1997年华语乐坛，首首都是神曲！,2020-07-23 18:33:31,啊,0.5262327818078083,neutral
【神仙打架】回顾1997年华语乐坛，首首都是神曲！,2020-07-23 18:33:24,天后级别,0.43950335547164254,neutral
【神仙打架】回顾1997年华语乐坛，首首都是神曲！,2020-07-23 18:33:00,啊啊啊啊啊啊,0.9563024306917736,positive
【神仙打架】回顾1997年华语乐坛，首首都是神曲！,2020-07-23 18:32:48,华仔！！！！！！！！！,0.4409749729099728,neutral
【神仙打架】回顾1997年华语乐坛，首首都是神曲！,2020-07-23 18:32:22,全体起立,0.32649808098307553,neutral
【神仙打架】回顾1997年华语乐坛，首首都是神曲！,2020-07-23 18:32:02,洗脑神曲,0.20591411267114546,negative
【神仙打架】回顾1997年华语乐坛，首首都是神曲！,2020-07-23 18:31:45,相约98的别跑,0.08173037420832152,negative
【神仙打架】回顾1997年华语乐坛，首首都是神曲！,2020-07-23 18:31:25,跪下,0.47795503931718886,neutral
【神仙打架】回顾1997年华语乐坛，首首都是神曲！,2020-07-23 18:29:16,我要相约98！！！！！！！！,0.4737672181921908,neutral
【神仙打架】回顾1997年华语乐坛，首首都是神曲！,2020-07-23 18:28:53,我出生了,0.7499999999999999,positive
【神仙打架】回顾1997年华语乐坛，首首都是神曲！,2020-07-22 17:42:23,还有,0.5262327818078083,neutral
【神仙打架】回顾1997年华语乐坛，首首都是神曲！,2020-07-22 17:40:23,这个可以,0.5262327818078083,neutral
【神仙打架】回顾1997年华语乐坛，首首都是神曲！,2020-07-22 17:38:43,又是格格,0.8,positive
【神仙打架】回顾1997年华语乐坛，首首都是神曲！,2020-07-22 17:38:13,动力火车的牌面,0.546491613281646,neutral
【神仙打架】回顾1997年华语乐坛，首首都是神曲！,2020-07-21 14:07:14,女神,0.7499999999999999,positive
【神仙打架】回顾1997年华语乐坛，首首都是神曲！,2020-07-21 14:05:33,GIGIGIGIGIGI女神,0.7297953905324696,positive
【神仙打架】回顾1997年华语乐坛，首首都是神曲！,2020-07-17 00:52:58,小春哥,0.5025370734601784,neutral
【神仙打架】回顾1997年华语乐坛，首首都是神曲！,2020-07-15 23:35:01,容嬷嬷最大的错就是没扎死这四个祸害,0.9268162485811375,positive
【神仙打架】回顾1997年华语乐坛，首首都是神曲！,2020-07-15 13:50:03,白嫖失败,0.34740944058636547,neutral
【神仙打架】回顾1997年华语乐坛，首首都是神曲！,2020-07-14 12:53:30,游鸿明可以,0.5609885163185326,neutral
【神仙打架】回顾1997年华语乐坛，首首都是神曲！,2020-07-14 12:47:00,王炸,0.8418879760491043,positive
【神仙打架】回顾1997年华语乐坛，首首都是神曲！,2020-07-11 13:30:51,广州好迪,0.44519683193360093,neutral
【神仙打架】回顾1997年华语乐坛，首首都是神曲！,2020-07-06 22:30:10,记事本,0.5,neutral
【神仙打架】回顾1997年华语乐坛，首首都是神曲！,2020-07-06 21:32:13,泪目,0.7500624229391235,positive
【神仙打架】回顾1997年华语乐坛，首首都是神曲！,2020-07-06 21:30:53,还珠格格2,0.7587878550138726,positive
【神仙打架】回顾1997年华语乐坛，首首都是神曲！,2020-07-06 21:30:34,笨小孩,0.18283503941889157,negative
【神仙打架】回顾1997年华语乐坛，首首都是神曲！,2020-07-06 21:29:55,山鸡哥,0.5443420056418066,neutral
【神仙打架】回顾1997年华语乐坛，首首都是神曲！,2020-07-06 21:29:35,好迪真好,0.6357689371160968,neutral
【神仙打架】回顾1997年华语乐坛，首首都是神曲！,2020-07-06 01:29:51,广州好迪,0.44519683193360093,neutral
【神仙打架】回顾1997年华语乐坛，首首都是神曲！,2020-07-06 00:19:42,黄磊都来了,0.6448055855547523,neutral
【神仙打架】回顾1997年华语乐坛，首首都是神曲！,2020-07-06 00:14:34,诸神之战啊,0.6117295695113586,neutral
【神仙打架】回顾1997年华语乐坛，首首都是神曲！,2020-07-03 14:07:31,老汉化组了,0.7583239610731081,positive
【神仙打架】回顾1997年华语乐坛，首首都是神曲！,2020-06-29 23:18:14,广州好迪,0.44519683193360093,neutral
【神仙打架】回顾1997年华语乐坛，首首都是神曲！,2020-06-26 19:44:02,黎明黎明,0.890142453148024,positive
【神仙打架】回顾1997年华语乐坛，首首都是神曲！,2020-06-26 19:41:52,这MV前卫,0.2523992690561052,negative
【神仙打架】回顾1997年华语乐坛，首首都是神曲！,2020-06-26 18:15:38,SHENXIANDAJIA,0.5,neutral
【神仙打架】回顾1997年华语乐坛，首首都是神曲！,2020-06-25 02:22:51,！！！！,0.2295081967213113,negative
【神仙打架】回顾1997年华语乐坛，首首都是神曲！,2020-06-24 22:24:22,汉化怪你来啦？当年凭这首还不火？,0.382668165353233,neutral
【神仙打架】回顾1997年华语乐坛，首首都是神曲！,2020-06-23 08:56:10,柠檬柠檬,0.9989437305948897,positive
【神仙打架】回顾1997年华语乐坛，首首都是神曲！,2020-06-23 02:14:07,莫文蔚大妈这造型,0.31020070416265333,neutral
【神仙打架】回顾1997年华语乐坛，首首都是神曲！,2020-06-19 21:24:36,！！！,0.20637898686679168,negative
【神仙打架】回顾1997年华语乐坛，首首都是神曲！,2020-06-19 06:05:06,经典回忆,0.9803122494543844,positive
【神仙打架】回顾1997年华语乐坛，首首都是神曲！,2020-06-18 16:29:32,跪下唱,0.8392370218911833,positive
【神仙打架】回顾1997年华语乐坛，首首都是神曲！,2020-06-16 05:06:18,什么玩意。。。,0.11256932583192814,negative
【神仙打架】回顾1997年华语乐坛，首首都是神曲！,2020-06-15 23:44:48,多谢乌蝇哥,0.8020859269935722,positive
【神仙打架】回顾1997年华语乐坛，首首都是神曲！,2020-06-15 23:41:15,多谢乌蝇哥,0.8020859269935722,positive
【神仙打架】回顾1997年华语乐坛，首首都是神曲！,2020-06-14 01:02:33,乌蝇哥牛壁,0.5746308593108036,neutral
【神仙打架】回顾1997年华语乐坛，首首都是神曲！,2020-06-14 01:01:01,66666,0.5,neutral
【神仙打架】回顾1997年华语乐坛，首首都是神曲！,2020-06-13 19:27:32,。。,0.47680412371133973,neutral
【神仙打架】回顾1997年华语乐坛，首首都是神曲！,2020-06-13 01:49:51,所以暂时将你眼睛闭了起来,0.3930948356719024,neutral
【神仙打架】回顾1997年华语乐坛，首首都是神曲！,2020-06-13 01:48:51,王力宏整了鼻子吗,0.9145046609490491,positive
【神仙打架】回顾1997年华语乐坛，首首都是神曲！,2020-06-12 09:24:48,一直王炸,0.8418879760491043,positive
【神仙打架】回顾1997年华语乐坛，首首都是神曲！,2020-06-11 21:17:48,啊啊啊啊！！,0.7641591183119066,positive
【神仙打架】回顾1997年华语乐坛，首首都是神曲！,2020-06-10 22:29:32,相约九八呢？,0.4737672181921908,neutral
【神仙打架】回顾1997年华语乐坛，首首都是神曲！,2020-06-09 22:43:09,！！！！！！！！！！！！！,0.16666666666666674,negative
【神仙打架】回顾1997年华语乐坛，首首都是神曲！,2020-06-09 22:42:34,！！！！！！！！！！！！！！！,0.33333333333333337,neutral
【神仙打架】回顾1997年华语乐坛，首首都是神曲！,2020-06-06 18:54:07,这歌 这么早啊！,0.720088245199247,positive
【神仙打架】回顾1997年华语乐坛，首首都是神曲！,2020-06-06 18:51:47,当年15？哈哈哈哈终于看见比我老的了  我才11,0.7991922113813015,positive
【神仙打架】回顾1997年华语乐坛，首首都是神曲！,2020-06-06 18:48:11,11岁路过 前两首真是炸了 当年不知道有多火,0.38124436855923893,neutral
【神仙打架】回顾1997年华语乐坛，首首都是神曲！,2020-06-05 18:31:23,黄磊老师,0.9147142221043263,positive
【神仙打架】回顾1997年华语乐坛，首首都是神曲！,2020-06-05 14:39:54,起立！,0.5,neutral
【神仙打架】回顾1997年华语乐坛，首首都是神曲！,2020-05-30 22:56:03,888,0.7499999999999999,positive
【神仙打架】回顾1997年华语乐坛，首首都是神曲！,2020-05-30 20:31:07,山鸡哥,0.5443420056418066,neutral
【神仙打架】回顾1997年华语乐坛，首首都是神曲！,2020-05-27 12:09:58,coco太牛了,0.4145220136467569,neutral
【神仙打架】回顾1997年华语乐坛，首首都是神曲！,2020-05-27 12:08:31,真好听,0.33715818128822317,neutral
【神仙打架】回顾1997年华语乐坛，首首都是神曲！,2020-05-27 00:38:28,娃哈哈纯净水，永远滴神,0.9573565755643544,positive
【神仙打架】回顾1997年华语乐坛，首首都是神曲！,2020-05-27 00:36:21,全都跪下唱征服,0.863888823046796,positive
【神仙打架】回顾1997年华语乐坛，首首都是神曲！,2020-05-27 00:35:14,我擦，这首出的这么早？太好听了,0.08776193624799866,negative
【神仙打架】回顾1997年华语乐坛，首首都是神曲！,2020-05-27 00:34:57,我擦，相见恨晚这首出的这么早？,0.7858685072049452,positive
【神仙打架】回顾1997年华语乐坛，首首都是神曲！,2020-05-27 00:34:18,还珠二连杀,0.6024160502449107,neutral
【神仙打架】回顾1997年华语乐坛，首首都是神曲！,2020-05-27 00:33:48,还珠开始了！尔康紫薇,0.6142977493233714,neutral
【神仙打架】回顾1997年华语乐坛，首首都是神曲！,2020-05-27 00:32:48,前两首就这么劲爆,0.16174763346657806,negative
【神仙打架】回顾1997年华语乐坛，首首都是神曲！,2020-05-25 19:41:38,小孩子们都吓坏了，原来他们听的歌都是这么老的,0.8800681171826722,positive
【神仙打架】回顾1997年华语乐坛，首首都是神曲！,2020-05-25 08:29:03,力宏出道好早,0.7823478432870723,positive
【神仙打架】回顾1997年华语乐坛，首首都是神曲！,2020-05-25 08:25:05,神曲,0.5,neutral
【神仙打架】回顾1997年华语乐坛，首首都是神曲！,2020-05-25 02:14:30,我还有这歌的vcd..,0.4737672181921908,neutral
【神仙打架】回顾1997年华语乐坛，首首都是神曲！,2020-05-25 02:13:30,歌神！,0.5,neutral
【神仙打架】回顾1997年华语乐坛，首首都是神曲！,2020-05-25 02:12:41,徐怀钰！ ！ 当年的女歌星都是些什么仙女下凡！,0.8825740751061066,positive
【神仙打架】回顾1997年华语乐坛，首首都是神曲！,2020-05-25 02:12:02,华仔！！,0.5835922248015962,neutral
【神仙打架】回顾1997年华语乐坛，首首都是神曲！,2020-05-25 02:09:15,可能是98年唯一的 口区,0.08104061238521598,negative
【神仙打架】回顾1997年华语乐坛，首首都是神曲！,2020-05-25 02:08:48,实在是太完美了！ 童年心中最完美的女明星,0.9978590398058237,positive
【神仙打架】回顾1997年华语乐坛，首首都是神曲！,2020-05-25 02:08:07,梁咏琪！不要太完美！ 颜值身高演技青春唱歌！,0.9963845877874979,positive
【神仙打架】回顾1997年华语乐坛，首首都是神曲！,2020-05-25 02:07:24,这些歌听了 晚上真睡不着觉！,0.35142080638789297,neutral
【神仙打架】回顾1997年华语乐坛，首首都是神曲！,2020-05-25 02:06:12,这些歌真的历久弥新！,0.9031551721592207,positive
【神仙打架】回顾1997年华语乐坛，首首都是神曲！,2020-05-25 02:05:47,这真的奶奶都会唱系列！,0.9665064489590781,positive
【神仙打架】回顾1997年华语乐坛，首首都是神曲！,2020-05-25 02:05:13,这首歌阵容 ！,0.9380767828479548,positive
【神仙打架】回顾1997年华语乐坛，首首都是神曲！,2020-05-25 02:04:44,火车神曲！,0.5788392579598004,neutral
【神仙打架】回顾1997年华语乐坛，首首都是神曲！,2020-05-25 02:04:33,山鸡有排面！,0.6826451944937002,neutral
【神仙打架】回顾1997年华语乐坛，首首都是神曲！,2020-05-25 02:03:56,不行了，受不了了，霆锋当年的颜值我受不了了,0.30093954693512215,neutral
【神仙打架】回顾1997年华语乐坛，首首都是神曲！,2020-05-25 02:03:07,到现在还是ktv必点歌曲！,0.8313575082483858,positive
【神仙打架】回顾1997年华语乐坛，首首都是神曲！,2020-05-24 11:46:17,FOX,0.5,neutral
【神仙打架】回顾1997年华语乐坛，首首都是神曲！,2020-05-24 11:45:12,下沙,0.5552529002444191,neutral
【神仙打架】回顾1997年华语乐坛，首首都是神曲！,2020-05-24 11:44:25,如果云知道,0.7714285714285717,positive
【神仙打架】回顾1997年华语乐坛，首首都是神曲！,2020-05-23 19:37:50,经典,0.7606837606837609,positive
【神仙打架】回顾1997年华语乐坛，首首都是神曲！,2020-05-23 14:20:56,98年加一,0.0775238449560911,negative
【神仙打架】回顾1997年华语乐坛，首首都是神曲！,2020-05-22 21:08:03,没胡子都不认识了,0.6680833116897381,neutral
【神仙打架】回顾1997年华语乐坛，首首都是神曲！,2020-05-22 05:58:42,张惠妹,0.4118453535933251,neutral
【神仙打架】回顾1997年华语乐坛，首首都是神曲！,2020-05-22 05:58:25,天王,0.5,neutral
【神仙打架】回顾1997年华语乐坛，首首都是神曲！,2020-05-22 05:58:03,蒙娜丽莎胆小鬼,0.8272890712306877,positive
【神仙打架】回顾1997年华语乐坛，首首都是神曲！,2020-05-22 05:55:53,牛柯受良,0.8587380414712886,positive
【神仙打架】回顾1997年华语乐坛，首首都是神曲！,2020-05-20 15:50:40,炸出来,0.5454545454545455,neutral
【神仙打架】回顾1997年华语乐坛，首首都是神曲！,2020-05-20 13:48:48,愣住,0.2019652284927046,negative
